sub_id,task,is_practice,block,trial,target_01,target_02,task_relevance,category,orientation,identity,duration,stim_jit,SOA,onset_SOA,SOA_lock,pitch
SX106,auditory,1,-2,1,practice_04,practice_11,irrelevant,object,center,object_03,1.5,1.3,0,1.5,offset,1100
SX106,auditory,1,-2,2,practice_04,practice_11,target,letter,right,practice_11,1,0.86,0.466,0.466,onset,1100
SX106,auditory,1,-2,3,practice_04,practice_11,irrelevant,object,center,object_14,1.5,0.78,0.116,1.616,offset,1100
SX106,auditory,1,-2,4,practice_04,practice_11,irrelevant,face,left,face_18,1,0.726666667,0.232,0.232,onset,1100
SX106,auditory,1,-2,5,practice_04,practice_11,irrelevant,face,center,face_10,1.5,0.806666667,0.232,1.732,offset,1100
SX106,auditory,1,-2,6,practice_04,practice_11,non-target,false_font,center,false_font_01,1.5,0.78,0.232,0.232,onset,1100
SX106,auditory,1,-2,7,practice_04,practice_11,non-target,false_font,right,false_font_12,1,0.74,0.232,0.232,onset,1000
SX106,auditory,1,-2,8,practice_04,practice_11,non-target,letter,center,letter_17,0.5,0.806666667,0,0.5,offset,1100
SX106,auditory,1,-2,9,practice_04,practice_11,non-target,false_font,right,false_font_02,0.5,0.74,0,0,onset,1000
SX106,auditory,1,-2,10,practice_04,practice_11,irrelevant,face,center,face_19,1.5,0.833333333,0.466,1.966,offset,1000
SX106,auditory,1,-2,11,practice_04,practice_11,irrelevant,object,center,object_02,0.5,0.806666667,0,0,onset,1000
SX106,auditory,1,-2,12,practice_04,practice_11,irrelevant,object,center,object_11,0.5,1.273333333,0,0.5,offset,1000
SX106,auditory,1,-2,13,practice_04,practice_11,target,false_font,left,practice_04,1,0.94,0.232,1.232,offset,1100
SX106,auditory,1,-2,14,practice_04,practice_11,non-target,letter,center,letter_11,1.5,0.726666667,0.116,0.116,onset,1100
SX106,auditory,1,-2,15,practice_04,practice_11,irrelevant,face,left,face_08,1.5,0.74,0,0,onset,1100
SX106,auditory,1,-2,16,practice_04,practice_11,non-target,false_font,left,false_font_13,0.5,1.713333333,0.232,0.732,offset,1000
SX106,auditory,1,-2,17,practice_04,practice_11,target,false_font,center,practice_04,1,0.846666667,0.116,1.116,offset,1000
SX106,auditory,1,-2,18,practice_04,practice_11,irrelevant,face,left,face_08,1,1.713333333,0.232,1.232,offset,1100
SX106,auditory,1,-2,19,practice_04,practice_11,non-target,letter,center,letter_12,0.5,0.806666667,0.466,0.466,onset,1000
SX106,auditory,1,-2,20,practice_04,practice_11,non-target,false_font,right,false_font_07,1.5,0.966666667,0.232,1.732,offset,1100
SX106,auditory,1,-2,21,practice_04,practice_11,non-target,letter,center,letter_01,1,0.94,0,0,onset,1100
SX106,auditory,1,-2,22,practice_04,practice_11,non-target,letter,right,letter_13,0.5,0.806666667,0.116,0.616,offset,1000
SX106,auditory,1,-2,23,practice_04,practice_11,irrelevant,object,left,object_19,1,1.206666667,0.232,1.232,offset,1000
SX106,auditory,1,-2,24,practice_04,practice_11,non-target,false_font,left,false_font_06,1.5,0.806666667,0.116,1.616,offset,1000
SX106,auditory,1,-2,25,practice_04,practice_11,non-target,false_font,center,false_font_05,1,0.806666667,0.466,0.466,onset,1100
SX106,auditory,1,-2,26,practice_04,practice_11,non-target,letter,left,letter_03,1.5,0.913333333,0,1.5,offset,1000
SX106,auditory,1,-2,27,practice_04,practice_11,target,letter,right,practice_11,1.5,0.74,0.466,1.966,offset,1100
SX106,auditory,1,-2,28,practice_04,practice_11,irrelevant,face,right,face_16,1,1.14,0,1,offset,1000
SX106,auditory,1,-2,29,practice_04,practice_11,irrelevant,face,center,face_02,1,0.74,0.116,0.116,onset,1100
SX106,auditory,1,-2,30,practice_04,practice_11,target,false_font,right,practice_04,1,1.193333333,0.466,0.466,onset,1100
SX106,auditory,1,-2,31,practice_04,practice_11,non-target,false_font,right,false_font_01,0.5,1.3,0.232,0.232,onset,1000
SX106,auditory,1,-2,32,practice_04,practice_11,target,letter,center,practice_11,0.5,0.9,0.116,0.116,onset,1000
SX106,auditory,1,-2,33,practice_04,practice_11,irrelevant,object,center,object_01,0.5,1.273333333,0.466,0.466,onset,1000
SX106,auditory,1,-2,34,practice_04,practice_11,irrelevant,object,center,object_17,0.5,1.006666667,0.116,0.116,onset,1100
SX106,auditory,1,-2,35,practice_04,practice_11,non-target,letter,left,letter_10,1,0.94,0.116,1.116,offset,1100
SX106,auditory,1,-2,36,practice_04,practice_11,irrelevant,object,right,object_18,1.5,0.966666667,0,1.5,offset,1000
SX106,auditory,1,-2,37,practice_04,practice_11,non-target,false_font,center,false_font_13,1.5,0.78,0.466,0.466,onset,1000
SX106,auditory,1,-2,38,practice_04,practice_11,non-target,letter,left,letter_03,0.5,0.753333333,0.116,0.616,offset,1000
SX106,auditory,1,-2,39,practice_04,practice_11,irrelevant,face,center,face_10,1.5,0.833333333,0.466,0.466,onset,1100
SX106,auditory,1,-2,40,practice_04,practice_11,irrelevant,object,center,object_05,1.5,0.9,0.232,0.232,onset,1100
SX106,visual,1,-1,1,practice_02,practice_10,non-target,false_font,right,false_font_07,1.5,0.966666667,0.232,1.732,offset,1100
SX106,visual,1,-1,2,practice_02,practice_10,non-target,letter,right,letter_13,0.5,0.806666667,0.116,0.616,offset,1000
SX106,visual,1,-1,3,practice_02,practice_10,target,letter,right,practice_10,1,0.86,0.466,0.466,onset,1100
SX106,visual,1,-1,4,practice_02,practice_10,non-target,letter,left,letter_10,1,0.94,0.116,1.116,offset,1100
SX106,visual,1,-1,5,practice_02,practice_10,irrelevant,object,center,object_03,1.5,1.3,0,1.5,offset,1100
SX106,visual,1,-1,6,practice_02,practice_10,non-target,false_font,center,false_font_05,1,0.806666667,0.466,0.466,onset,1100
SX106,visual,1,-1,7,practice_02,practice_10,non-target,false_font,right,false_font_02,0.5,0.74,0,0,onset,1000
SX106,visual,1,-1,8,practice_02,practice_10,target,letter,right,practice_10,1.5,0.74,0.466,1.966,offset,1100
SX106,visual,1,-1,9,practice_02,practice_10,non-target,letter,left,letter_03,0.5,0.753333333,0.116,0.616,offset,1000
SX106,visual,1,-1,10,practice_02,practice_10,irrelevant,object,center,object_11,0.5,1.273333333,0,0.5,offset,1000
SX106,visual,1,-1,11,practice_02,practice_10,non-target,false_font,right,false_font_12,1,0.74,0.232,0.232,onset,1000
SX106,visual,1,-1,12,practice_02,practice_10,irrelevant,object,center,object_14,1.5,0.78,0.116,1.616,offset,1100
SX106,visual,1,-1,13,practice_02,practice_10,irrelevant,face,left,face_08,1.5,0.74,0,0,onset,1100
SX106,visual,1,-1,14,practice_02,practice_10,target,letter,center,practice_10,0.5,0.9,0.116,0.116,onset,1000
SX106,visual,1,-1,15,practice_02,practice_10,non-target,false_font,center,false_font_01,1.5,0.78,0.232,0.232,onset,1100
SX106,visual,1,-1,16,practice_02,practice_10,non-target,false_font,left,false_font_13,0.5,1.713333333,0.232,0.732,offset,1000
SX106,visual,1,-1,17,practice_02,practice_10,irrelevant,object,center,object_02,0.5,0.806666667,0,0,onset,1000
SX106,visual,1,-1,18,practice_02,practice_10,target,false_font,left,practice_02,1,0.94,0.232,1.232,offset,1100
SX106,visual,1,-1,19,practice_02,practice_10,irrelevant,face,center,face_02,1,0.74,0.116,0.116,onset,1100
SX106,visual,1,-1,20,practice_02,practice_10,irrelevant,object,right,object_18,1.5,0.966666667,0,1.5,offset,1000
SX106,visual,1,-1,21,practice_02,practice_10,non-target,letter,center,letter_01,1,0.94,0,0,onset,1100
SX106,visual,1,-1,22,practice_02,practice_10,irrelevant,face,center,face_19,1.5,0.833333333,0.466,1.966,offset,1000
SX106,visual,1,-1,23,practice_02,practice_10,non-target,false_font,right,false_font_01,0.5,1.3,0.232,0.232,onset,1000
SX106,visual,1,-1,24,practice_02,practice_10,non-target,letter,center,letter_12,0.5,0.806666667,0.466,0.466,onset,1000
SX106,visual,1,-1,25,practice_02,practice_10,irrelevant,object,center,object_01,0.5,1.273333333,0.466,0.466,onset,1000
SX106,visual,1,-1,26,practice_02,practice_10,non-target,letter,center,letter_17,0.5,0.806666667,0,0.5,offset,1100
SX106,visual,1,-1,27,practice_02,practice_10,irrelevant,object,left,object_19,1,1.206666667,0.232,1.232,offset,1000
SX106,visual,1,-1,28,practice_02,practice_10,non-target,false_font,center,false_font_13,1.5,0.78,0.466,0.466,onset,1000
SX106,visual,1,-1,29,practice_02,practice_10,target,false_font,right,practice_02,1,1.193333333,0.466,0.466,onset,1100
SX106,visual,1,-1,30,practice_02,practice_10,irrelevant,object,center,object_05,1.5,0.9,0.232,0.232,onset,1100
SX106,visual,1,-1,31,practice_02,practice_10,non-target,false_font,left,false_font_06,1.5,0.806666667,0.116,1.616,offset,1000
SX106,visual,1,-1,32,practice_02,practice_10,non-target,letter,center,letter_11,1.5,0.726666667,0.116,0.116,onset,1100
SX106,visual,1,-1,33,practice_02,practice_10,non-target,letter,left,letter_03,1.5,0.913333333,0,1.5,offset,1000
SX106,visual,1,-1,34,practice_02,practice_10,irrelevant,object,center,object_17,0.5,1.006666667,0.116,0.116,onset,1100
SX106,visual,1,-1,35,practice_02,practice_10,target,false_font,center,practice_02,1,0.846666667,0.116,1.116,offset,1000
SX106,visual,1,-1,36,practice_02,practice_10,irrelevant,face,center,face_10,1.5,0.806666667,0.232,1.732,offset,1100
SX106,visual,1,-1,37,practice_02,practice_10,irrelevant,face,left,face_18,1,0.726666667,0.232,0.232,onset,1100
SX106,visual,1,-1,38,practice_02,practice_10,irrelevant,face,left,face_08,1,1.713333333,0.232,1.232,offset,1100
SX106,visual,1,-1,39,practice_02,practice_10,irrelevant,face,right,face_16,1,1.14,0,1,offset,1000
SX106,visual,1,-1,40,practice_02,practice_10,irrelevant,face,center,face_10,1.5,0.833333333,0.466,0.466,onset,1100
SX106,auditory_and_visual,1,0,1,practice_04,practice_07,irrelevant,object,center,object_02,0.5,0.806666667,0,0,onset,1000
SX106,auditory_and_visual,1,0,2,practice_04,practice_07,irrelevant,object,center,object_03,1.5,1.3,0,1.5,offset,1100
SX106,auditory_and_visual,1,0,3,practice_04,practice_07,target,letter,center,practice_07,0.5,0.9,0.116,0.116,onset,1000
SX106,auditory_and_visual,1,0,4,practice_04,practice_07,non-target,false_font,right,false_font_01,0.5,1.3,0.232,0.232,onset,1000
SX106,auditory_and_visual,1,0,5,practice_04,practice_07,irrelevant,object,right,object_18,1.5,0.966666667,0,1.5,offset,1000
SX106,auditory_and_visual,1,0,6,practice_04,practice_07,irrelevant,object,center,object_17,0.5,1.006666667,0.116,0.116,onset,1100
SX106,auditory_and_visual,1,0,7,practice_04,practice_07,non-target,letter,right,letter_13,0.5,0.806666667,0.116,0.616,offset,1000
SX106,auditory_and_visual,1,0,8,practice_04,practice_07,irrelevant,face,center,face_10,1.5,0.806666667,0.232,1.732,offset,1100
SX106,auditory_and_visual,1,0,9,practice_04,practice_07,target,letter,right,practice_07,1,0.86,0.466,0.466,onset,1100
SX106,auditory_and_visual,1,0,10,practice_04,practice_07,irrelevant,object,left,object_19,1,1.206666667,0.232,1.232,offset,1000
SX106,auditory_and_visual,1,0,11,practice_04,practice_07,irrelevant,face,center,face_10,1.5,0.833333333,0.466,0.466,onset,1100
SX106,auditory_and_visual,1,0,12,practice_04,practice_07,irrelevant,object,center,object_14,1.5,0.78,0.116,1.616,offset,1100
SX106,auditory_and_visual,1,0,13,practice_04,practice_07,irrelevant,face,left,face_08,1,1.713333333,0.232,1.232,offset,1100
SX106,auditory_and_visual,1,0,14,practice_04,practice_07,irrelevant,object,center,object_01,0.5,1.273333333,0.466,0.466,onset,1000
SX106,auditory_and_visual,1,0,15,practice_04,practice_07,target,false_font,left,practice_04,1,0.94,0.232,1.232,offset,1100
SX106,auditory_and_visual,1,0,16,practice_04,practice_07,non-target,letter,center,letter_12,0.5,0.806666667,0.466,0.466,onset,1000
SX106,auditory_and_visual,1,0,17,practice_04,practice_07,target,false_font,center,practice_04,1,0.846666667,0.116,1.116,offset,1000
SX106,auditory_and_visual,1,0,18,practice_04,practice_07,non-target,letter,center,letter_11,1.5,0.726666667,0.116,0.116,onset,1100
SX106,auditory_and_visual,1,0,19,practice_04,practice_07,non-target,false_font,left,false_font_06,1.5,0.806666667,0.116,1.616,offset,1000
SX106,auditory_and_visual,1,0,20,practice_04,practice_07,non-target,false_font,center,false_font_05,1,0.806666667,0.466,0.466,onset,1100
SX106,auditory_and_visual,1,0,21,practice_04,practice_07,non-target,false_font,center,false_font_13,1.5,0.78,0.466,0.466,onset,1000
SX106,auditory_and_visual,1,0,22,practice_04,practice_07,irrelevant,face,center,face_19,1.5,0.833333333,0.466,1.966,offset,1000
SX106,auditory_and_visual,1,0,23,practice_04,practice_07,non-target,letter,center,letter_01,1,0.94,0,0,onset,1100
SX106,auditory_and_visual,1,0,24,practice_04,practice_07,irrelevant,object,center,object_11,0.5,1.273333333,0,0.5,offset,1000
SX106,auditory_and_visual,1,0,25,practice_04,practice_07,irrelevant,face,center,face_02,1,0.74,0.116,0.116,onset,1100
SX106,auditory_and_visual,1,0,26,practice_04,practice_07,target,letter,right,practice_07,1.5,0.74,0.466,1.966,offset,1100
SX106,auditory_and_visual,1,0,27,practice_04,practice_07,non-target,false_font,center,false_font_01,1.5,0.78,0.232,0.232,onset,1100
SX106,auditory_and_visual,1,0,28,practice_04,practice_07,non-target,letter,left,letter_10,1,0.94,0.116,1.116,offset,1100
SX106,auditory_and_visual,1,0,29,practice_04,practice_07,non-target,letter,left,letter_03,1.5,0.913333333,0,1.5,offset,1000
SX106,auditory_and_visual,1,0,30,practice_04,practice_07,non-target,false_font,right,false_font_02,0.5,0.74,0,0,onset,1000
SX106,auditory_and_visual,1,0,31,practice_04,practice_07,non-target,false_font,right,false_font_07,1.5,0.966666667,0.232,1.732,offset,1100
SX106,auditory_and_visual,1,0,32,practice_04,practice_07,non-target,false_font,left,false_font_13,0.5,1.713333333,0.232,0.732,offset,1000
SX106,auditory_and_visual,1,0,33,practice_04,practice_07,irrelevant,face,left,face_18,1,0.726666667,0.232,0.232,onset,1100
SX106,auditory_and_visual,1,0,34,practice_04,practice_07,irrelevant,face,left,face_08,1.5,0.74,0,0,onset,1100
SX106,auditory_and_visual,1,0,35,practice_04,practice_07,irrelevant,face,right,face_16,1,1.14,0,1,offset,1000
SX106,auditory_and_visual,1,0,36,practice_04,practice_07,non-target,letter,center,letter_17,0.5,0.806666667,0,0.5,offset,1100
SX106,auditory_and_visual,1,0,37,practice_04,practice_07,irrelevant,object,center,object_05,1.5,0.9,0.232,0.232,onset,1100
SX106,auditory_and_visual,1,0,38,practice_04,practice_07,target,false_font,right,practice_04,1,1.193333333,0.466,0.466,onset,1100
SX106,auditory_and_visual,1,0,39,practice_04,practice_07,non-target,false_font,right,false_font_12,1,0.74,0.232,0.232,onset,1000
SX106,auditory_and_visual,1,0,40,practice_04,practice_07,non-target,letter,left,letter_03,0.5,0.753333333,0.116,0.616,offset,1000
SX106,prp,0,1,1,face_09,object_15,irrelevant,false_font,center,false_font_01,1,1.47583867690683,0.466,1.466,offset,1000
SX106,prp,0,1,2,face_09,object_15,irrelevant,false_font,left,false_font_04,1.5,0.93301179201827,0.466,0.466,onset,1000
SX106,prp,0,1,3,face_09,object_15,target,face,right,face_09,1,1.13948942307526,0,1,offset,1100
SX106,prp,0,1,4,face_09,object_15,irrelevant,false_font,center,false_font_15,1,1.75303838060306,0,0,onset,1000
SX106,prp,0,1,5,face_09,object_15,non-target,object,right,object_17,1.5,0.771423861266279,0,0,onset,1100
SX106,prp,0,1,6,face_09,object_15,irrelevant,false_font,right,false_font_11,1,1.68534338749329,0.232,0.232,onset,1100
SX106,prp,0,1,7,face_09,object_15,irrelevant,false_font,center,false_font_03,0.5,0.881548933712094,0.466,0.966,offset,1100
SX106,prp,0,1,8,face_09,object_15,non-target,face,center,face_08,1.5,1.72199649129353,0.466,1.966,offset,1000
SX106,prp,0,1,9,face_09,object_15,irrelevant,false_font,center,false_font_17,1.5,0.742819233165826,0.232,1.732,offset,1100
SX106,prp,0,1,10,face_09,object_15,non-target,face,center,face_03,0.5,1.13774185646031,0.466,0.966,offset,1000
SX106,prp,0,1,11,face_09,object_15,non-target,face,center,face_03,1,1.23509385687024,0,1,offset,1100
SX106,prp,0,1,12,face_09,object_15,irrelevant,letter,center,letter_19,1,1.25327018911538,0.466,0.466,onset,1000
SX106,prp,0,1,13,face_09,object_15,non-target,face,center,face_06,0.5,0.864502768070475,0.232,0.732,offset,1000
SX106,prp,0,1,14,face_09,object_15,irrelevant,false_font,center,false_font_04,0.5,0.719615936651042,0,0.5,offset,1000
SX106,prp,0,1,15,face_09,object_15,non-target,face,center,face_14,1.5,1.71509292910429,0,1.5,offset,1100
SX106,prp,0,1,16,face_09,object_15,non-target,face,left,face_04,0.5,1.13080853987358,0,0,onset,1000
SX106,prp,0,1,17,face_09,object_15,irrelevant,false_font,center,false_font_08,1,0.830662791787062,0.232,1.232,offset,1000
SX106,prp,0,2,18,face_09,object_15,target,face,right,face_09,0.5,1.00824605182193,0.466,0.466,onset,1100
SX106,prp,0,2,19,face_09,object_15,non-target,object,center,object_10,0.5,1.50906538277466,0,0.5,offset,1100
SX106,prp,0,2,20,face_09,object_15,irrelevant,false_font,center,false_font_10,0.5,0.854164987092849,0.232,0.732,offset,1000
SX106,prp,0,2,21,face_09,object_15,non-target,object,center,object_09,0.5,0.953365050076837,0.232,0.732,offset,1000
SX106,prp,0,2,22,face_09,object_15,irrelevant,letter,left,letter_13,1.5,1.90671263160722,0.466,0.466,onset,1000
SX106,prp,0,2,23,face_09,object_15,irrelevant,letter,center,letter_20,0.5,1.0703807586857,0.232,0.732,offset,1100
SX106,prp,0,2,24,face_09,object_15,irrelevant,false_font,left,false_font_18,0.5,1.28491153764545,0,0,onset,1000
SX106,prp,0,2,25,face_09,object_15,non-target,object,center,object_16,1,0.808558125930636,0.232,0.232,onset,1100
SX106,prp,0,2,26,face_09,object_15,irrelevant,false_font,center,false_font_12,1,1.70734408382,0,1,offset,1100
SX106,prp,0,2,27,face_09,object_15,target,object,center,object_15,1.5,1.03344272092324,0.232,1.732,offset,1000
SX106,prp,0,2,28,face_09,object_15,non-target,face,center,face_13,1,1.69891400179277,0.466,0.466,onset,1000
SX106,prp,0,2,29,face_09,object_15,non-target,object,center,object_05,1.5,0.813230810936463,0.466,1.966,offset,1100
SX106,prp,0,2,30,face_09,object_15,non-target,object,right,object_19,1,1.9543183805247,0,0,onset,1100
SX106,prp,0,2,31,face_09,object_15,non-target,face,center,face_13,1,1.32550875899012,0.466,1.466,offset,1100
SX106,prp,0,2,32,face_09,object_15,irrelevant,letter,center,letter_14,1.5,1.24759543211686,0.466,0.466,onset,1000
SX106,prp,0,2,33,face_09,object_15,non-target,object,center,object_03,0.5,0.803296030876864,0.466,0.466,onset,1100
SX106,prp,0,2,34,face_09,object_15,non-target,face,center,face_16,1,0.726492557879649,0,0,onset,1100
SX106,prp,0,2,35,face_09,object_15,irrelevant,letter,center,letter_20,1.5,1.32701684880349,0,1.5,offset,1000
SX106,prp,0,3,1,face_13,object_14,irrelevant,letter,center,letter_18,0.5,1.13933809356186,0.466,0.966,offset,1100
SX106,prp,0,3,2,face_13,object_14,non-target,object,left,object_15,1.5,1.12195331001606,0,0,onset,1000
SX106,prp,0,3,3,face_13,object_14,irrelevant,false_font,right,false_font_07,1.5,0.841202895705578,0.466,0.466,onset,1100
SX106,prp,0,3,4,face_13,object_14,irrelevant,false_font,center,false_font_08,1.5,0.74480703552757,0.466,0.466,onset,1000
SX106,prp,0,3,5,face_13,object_14,non-target,object,center,object_13,1,1.54644034417889,0.466,1.466,offset,1100
SX106,prp,0,3,6,face_13,object_14,non-target,face,center,face_01,1,0.937463251659032,0.466,1.466,offset,1000
SX106,prp,0,3,7,face_13,object_14,irrelevant,false_font,center,false_font_06,1.5,1.59074431204411,0.466,1.966,offset,1000
SX106,prp,0,3,8,face_13,object_14,irrelevant,letter,center,letter_04,0.5,1.00950189427744,0.466,0.466,onset,1100
SX106,prp,0,3,9,face_13,object_14,non-target,face,center,face_19,1,1.5395844928661,0.466,0.466,onset,1100
SX106,prp,0,3,10,face_13,object_14,non-target,face,center,face_17,1,0.717229620226317,0.232,1.232,offset,1000
SX106,prp,0,3,11,face_13,object_14,irrelevant,letter,center,letter_01,0.5,0.884233740355441,0.466,0.966,offset,1000
SX106,prp,0,3,12,face_13,object_14,irrelevant,false_font,center,false_font_04,1.5,0.966595564429373,0.232,1.732,offset,1000
SX106,prp,0,3,13,face_13,object_14,target,object,center,object_14,1.5,1.31564236317869,0.232,1.732,offset,1000
SX106,prp,0,3,14,face_13,object_14,non-target,face,center,face_20,1,1.87704541599077,0,1,offset,1100
SX106,prp,0,3,15,face_13,object_14,target,face,center,face_13,1.5,1.41382800374349,0.466,0.466,onset,1000
SX106,prp,0,3,16,face_13,object_14,irrelevant,letter,right,letter_08,1,1.43094964775711,0,0,onset,1100
SX106,prp,0,3,17,face_13,object_14,non-target,face,left,face_01,1,1.4610631143507,0,0,onset,1000
SX106,prp,0,3,18,face_13,object_14,non-target,face,left,face_11,1,1.21322163544104,0.232,0.232,onset,1000
SX106,prp,0,4,19,face_13,object_14,irrelevant,false_font,center,false_font_04,1,1.64454767665876,0.466,0.466,onset,1100
SX106,prp,0,4,20,face_13,object_14,irrelevant,false_font,center,false_font_03,1,1.83374006006502,0,1,offset,1000
SX106,prp,0,4,21,face_13,object_14,irrelevant,letter,center,letter_18,1,0.980535166992811,0.466,1.466,offset,1000
SX106,prp,0,4,22,face_13,object_14,non-target,face,center,face_04,1,1.34090010897694,0.232,1.232,offset,1000
SX106,prp,0,4,23,face_13,object_14,non-target,object,right,object_05,1.5,0.885088351788716,0.466,0.466,onset,1100
SX106,prp,0,4,24,face_13,object_14,irrelevant,letter,center,letter_07,0.5,0.861090864697537,0.466,0.966,offset,1100
SX106,prp,0,4,25,face_13,object_14,non-target,object,center,object_08,1,0.744197680735716,0,0,onset,1100
SX106,prp,0,4,26,face_13,object_14,irrelevant,false_font,right,false_font_11,1.5,1.02655140216511,0.232,0.232,onset,1100
SX106,prp,0,4,27,face_13,object_14,non-target,object,center,object_20,1.5,0.852482332975088,0.232,1.732,offset,1000
SX106,prp,0,4,28,face_13,object_14,irrelevant,false_font,center,false_font_14,1,1.17790386043659,0,1,offset,1100
SX106,prp,0,4,29,face_13,object_14,non-target,object,center,object_07,1.5,1.58653114738959,0.466,0.466,onset,1100
SX106,prp,0,4,30,face_13,object_14,non-target,object,right,object_03,1,1.12839388372638,0.466,0.466,onset,1100
SX106,prp,0,4,31,face_13,object_14,target,object,left,object_14,1,0.831226150274265,0,0,onset,1100
SX106,prp,0,4,32,face_13,object_14,target,object,left,object_14,1.5,1.02015866260155,0.232,0.232,onset,1100
SX106,prp,0,4,33,face_13,object_14,irrelevant,false_font,center,false_font_17,1,1.24746379516443,0,0,onset,1100
SX106,prp,0,4,34,face_13,object_14,non-target,object,center,object_07,1,0.711920351066014,0.466,1.466,offset,1000
SX106,prp,0,4,35,face_13,object_14,irrelevant,false_font,right,false_font_07,0.5,0.786642190487891,0,0,onset,1100
SX106,prp,0,4,36,face_13,object_14,non-target,object,center,object_03,1,0.716352532399951,0.466,0.466,onset,1000
SX106,prp,0,5,1,letter_10,false_font_18,non-target,false_font,left,false_font_20,0.5,1.10539363513194,0.232,0.232,onset,1000
SX106,prp,0,5,2,letter_10,false_font_18,irrelevant,object,center,object_10,0.5,0.846200260590411,0.466,0.966,offset,1100
SX106,prp,0,5,3,letter_10,false_font_18,non-target,letter,center,letter_11,1,1.08318940871249,0,0,onset,1100
SX106,prp,0,5,4,letter_10,false_font_18,non-target,false_font,center,false_font_14,1,1.36313116781597,0.466,1.466,offset,1100
SX106,prp,0,5,5,letter_10,false_font_18,non-target,letter,center,letter_12,1,1.05070523760534,0.232,1.232,offset,1100
SX106,prp,0,5,6,letter_10,false_font_18,non-target,letter,center,letter_01,1.5,0.809678115675289,0,1.5,offset,1000
SX106,prp,0,5,7,letter_10,false_font_18,non-target,letter,center,letter_13,1,1.73521294454425,0,1,offset,1000
SX106,prp,0,5,8,letter_10,false_font_18,target,false_font,left,false_font_18,1.5,1.63396555367817,0,1.5,offset,1000
SX106,prp,0,5,9,letter_10,false_font_18,irrelevant,object,center,object_17,0.5,1.12122818347428,0.466,0.966,offset,1100
SX106,prp,0,5,10,letter_10,false_font_18,irrelevant,face,center,face_12,1,1.17740040422485,0.466,1.466,offset,1100
SX106,prp,0,5,11,letter_10,false_font_18,non-target,false_font,center,false_font_17,0.5,1.83439237198609,0.232,0.232,onset,1000
SX106,prp,0,5,12,letter_10,false_font_18,non-target,false_font,right,false_font_09,1.5,1.31866612244756,0,0,onset,1100
SX106,prp,0,5,13,letter_10,false_font_18,non-target,letter,center,letter_16,0.5,1.94807440681759,0,0.5,offset,1100
SX106,prp,0,5,14,letter_10,false_font_18,non-target,letter,center,letter_07,0.5,0.969143304586348,0,0,onset,1100
SX106,prp,0,5,15,letter_10,false_font_18,irrelevant,face,left,face_04,1,1.19573241758623,0.466,0.466,onset,1000
SX106,prp,0,5,16,letter_10,false_font_18,target,letter,left,letter_10,0.5,1.54660865290797,0.466,0.466,onset,1100
SX106,prp,0,5,17,letter_10,false_font_18,target,letter,center,letter_10,0.5,0.701186414309895,0.466,0.466,onset,1000
SX106,prp,0,5,18,letter_10,false_font_18,irrelevant,object,center,object_04,0.5,0.85014310592682,0.232,0.732,offset,1100
SX106,prp,0,6,19,letter_10,false_font_18,irrelevant,object,center,object_13,1.5,1.2218237526888,0,0,onset,1100
SX106,prp,0,6,20,letter_10,false_font_18,non-target,false_font,center,false_font_03,0.5,0.885086059538621,0.466,0.966,offset,1000
SX106,prp,0,6,21,letter_10,false_font_18,irrelevant,face,center,face_12,1.5,0.879599173880413,0,1.5,offset,1000
SX106,prp,0,6,22,letter_10,false_font_18,irrelevant,face,center,face_18,1.5,1.03920262832407,0.232,1.732,offset,1000
SX106,prp,0,6,23,letter_10,false_font_18,non-target,letter,center,letter_01,1,1.14640580772147,0.466,0.466,onset,1100
SX106,prp,0,6,24,letter_10,false_font_18,target,false_font,center,false_font_18,1.5,1.16511999112986,0.466,0.466,onset,1100
SX106,prp,0,6,25,letter_10,false_font_18,irrelevant,face,center,face_07,1.5,1.95880463196429,0,0,onset,1000
SX106,prp,0,6,26,letter_10,false_font_18,irrelevant,face,right,face_01,1.5,0.785156887348368,0.466,0.466,onset,1100
SX106,prp,0,6,27,letter_10,false_font_18,irrelevant,face,left,face_06,1.5,0.790093596523355,0.232,0.232,onset,1000
SX106,prp,0,6,28,letter_10,false_font_18,non-target,letter,right,letter_16,1,1.08687758457514,0,0,onset,1100
SX106,prp,0,6,29,letter_10,false_font_18,irrelevant,face,center,face_16,1.5,1.04063331270037,0.466,0.466,onset,1000
SX106,prp,0,6,30,letter_10,false_font_18,irrelevant,object,left,object_06,0.5,1.06907617637627,0.232,0.232,onset,1000
SX106,prp,0,6,31,letter_10,false_font_18,non-target,false_font,center,false_font_07,1,1.4376216605155,0.466,0.466,onset,1000
SX106,prp,0,6,32,letter_10,false_font_18,irrelevant,object,right,object_18,0.5,1.92635166363546,0,0,onset,1100
SX106,prp,0,6,33,letter_10,false_font_18,irrelevant,object,center,object_13,0.5,1.69569230474838,0.466,0.466,onset,1100
SX106,prp,0,6,34,letter_10,false_font_18,non-target,letter,center,letter_09,1,1.86766531706327,0.232,0.232,onset,1000
SX106,prp,0,6,35,letter_10,false_font_18,non-target,false_font,center,false_font_17,1,0.915734369632489,0.466,1.466,offset,1100
SX106,prp,0,6,36,letter_10,false_font_18,irrelevant,face,center,face_01,0.5,0.950749419547612,0,0,onset,1000
SX106,prp,0,7,1,letter_20,false_font_07,irrelevant,object,center,object_18,0.5,1.59983089923935,0.232,0.732,offset,1000
SX106,prp,0,7,2,letter_20,false_font_07,irrelevant,object,center,object_07,1.5,1.37144944673895,0,1.5,offset,1100
SX106,prp,0,7,3,letter_20,false_font_07,irrelevant,object,center,object_12,0.5,1.47539107675239,0,0.5,offset,1000
SX106,prp,0,7,4,letter_20,false_font_07,target,letter,right,letter_20,1,1.18580019697682,0.466,0.466,onset,1100
SX106,prp,0,7,5,letter_20,false_font_07,non-target,letter,center,letter_08,1,0.935277830253175,0.466,1.466,offset,1100
SX106,prp,0,7,6,letter_20,false_font_07,target,letter,left,letter_20,0.5,0.983240816694474,0,0.5,offset,1100
SX106,prp,0,7,7,letter_20,false_font_07,target,letter,right,letter_20,1.5,1.04591195645985,0,1.5,offset,1100
SX106,prp,0,7,8,letter_20,false_font_07,non-target,letter,center,letter_18,0.5,1.80919259829489,0,0.5,offset,1000
SX106,prp,0,7,9,letter_20,false_font_07,non-target,false_font,center,false_font_14,1.5,1.62095802595026,0.232,1.732,offset,1000
SX106,prp,0,7,10,letter_20,false_font_07,irrelevant,face,center,face_03,0.5,1.14843401273109,0.232,0.732,offset,1100
SX106,prp,0,7,11,letter_20,false_font_07,non-target,letter,right,letter_13,1,0.952296519530606,0.466,0.466,onset,1100
SX106,prp,0,7,12,letter_20,false_font_07,irrelevant,face,center,face_11,1,1.07401915949819,0.232,0.232,onset,1100
SX106,prp,0,7,13,letter_20,false_font_07,non-target,false_font,center,false_font_08,1.5,0.819395293812492,0.466,1.966,offset,1000
SX106,prp,0,7,14,letter_20,false_font_07,non-target,false_font,right,false_font_14,0.5,1.41125037132132,0.232,0.232,onset,1100
SX106,prp,0,7,15,letter_20,false_font_07,non-target,false_font,center,false_font_19,0.5,0.773019856931664,0.466,0.966,offset,1100
SX106,prp,0,7,16,letter_20,false_font_07,non-target,false_font,center,false_font_18,0.5,0.823373890674356,0.232,0.732,offset,1100
SX106,prp,0,7,17,letter_20,false_font_07,irrelevant,object,center,object_13,0.5,0.780176613464218,0.466,0.466,onset,1000
SX106,prp,0,7,18,letter_20,false_font_07,target,false_font,right,false_font_07,1,0.990449577181907,0.466,0.466,onset,1000
SX106,prp,0,8,19,letter_20,false_font_07,irrelevant,face,center,face_15,0.5,1.00974120921538,0.232,0.732,offset,1000
SX106,prp,0,8,20,letter_20,false_font_07,non-target,letter,left,letter_11,1,1.23199201600296,0,0,onset,1000
SX106,prp,0,8,21,letter_20,false_font_07,non-target,letter,center,letter_03,1.5,1.45129844529695,0.466,1.966,offset,1000
SX106,prp,0,8,22,letter_20,false_font_07,irrelevant,face,center,face_20,1,0.958421792783345,0.232,1.232,offset,1000
SX106,prp,0,8,23,letter_20,false_font_07,irrelevant,object,right,object_15,0.5,0.739167390275959,0.466,0.466,onset,1100
SX106,prp,0,8,24,letter_20,false_font_07,irrelevant,object,center,object_11,1,1.16436519940177,0.466,1.466,offset,1000
SX106,prp,0,8,25,letter_20,false_font_07,non-target,false_font,center,false_font_09,1,1.26768791293318,0.466,1.466,offset,1000
SX106,prp,0,8,26,letter_20,false_font_07,irrelevant,face,center,face_03,1,1.71749460245104,0.232,1.232,offset,1100
SX106,prp,0,8,27,letter_20,false_font_07,non-target,letter,center,letter_15,0.5,0.950731551271323,0,0,onset,1000
SX106,prp,0,8,28,letter_20,false_font_07,non-target,false_font,center,false_font_02,1,0.817316975345594,0.232,0.232,onset,1000
SX106,prp,0,8,29,letter_20,false_font_07,irrelevant,face,center,face_13,1.5,0.853092384450247,0.466,1.966,offset,1100
SX106,prp,0,8,30,letter_20,false_font_07,non-target,false_font,center,false_font_17,0.5,0.713338166757156,0.466,0.966,offset,1000
SX106,prp,0,8,31,letter_20,false_font_07,irrelevant,face,center,face_01,0.5,1.46851305733566,0.466,0.966,offset,1100
SX106,prp,0,8,32,letter_20,false_font_07,non-target,false_font,center,false_font_15,1,1.34949919117606,0,1,offset,1000
SX106,prp,0,8,33,letter_20,false_font_07,non-target,false_font,right,false_font_06,1.5,0.810504167807523,0.466,0.466,onset,1100
SX106,prp,0,8,34,letter_20,false_font_07,irrelevant,face,center,face_16,0.5,1.4207741955351,0.466,0.966,offset,1000
SX106,prp,0,8,35,letter_20,false_font_07,irrelevant,object,center,object_02,0.5,1.00492551128802,0,0.5,offset,1100
SX106,prp,0,8,36,letter_20,false_font_07,irrelevant,face,left,face_17,1,1.8281191965477,0,0,onset,1000
SX106,prp,0,9,1,letter_18,false_font_13,non-target,letter,center,letter_19,0.5,0.933924948629239,0.466,0.966,offset,1100
SX106,prp,0,9,2,letter_18,false_font_13,non-target,false_font,center,false_font_20,1.5,1.49603469752048,0.466,1.966,offset,1100
SX106,prp,0,9,3,letter_18,false_font_13,non-target,false_font,left,false_font_05,1.5,0.992167698450288,0,0,onset,1000
SX106,prp,0,9,4,letter_18,false_font_13,non-target,letter,center,letter_03,0.5,0.957384660446458,0.232,0.732,offset,1100
SX106,prp,0,9,5,letter_18,false_font_13,irrelevant,object,center,object_16,1,1.69366095887865,0,1,offset,1000
SX106,prp,0,9,6,letter_18,false_font_13,non-target,letter,center,letter_09,1.5,0.802189080996391,0.232,1.732,offset,1000
SX106,prp,0,9,7,letter_18,false_font_13,irrelevant,object,right,object_11,1,1.13833579580488,0.232,0.232,onset,1100
SX106,prp,0,9,8,letter_18,false_font_13,irrelevant,object,center,object_14,0.5,0.731963729432688,0.466,0.966,offset,1000
SX106,prp,0,9,9,letter_18,false_font_13,irrelevant,object,center,object_15,1.5,1.56265419554431,0.466,1.966,offset,1000
SX106,prp,0,9,10,letter_18,false_font_13,irrelevant,object,center,object_01,0.5,1.30121999842609,0,0,onset,1000
SX106,prp,0,9,11,letter_18,false_font_13,target,letter,center,letter_18,1,0.849092087842049,0,1,offset,1100
SX106,prp,0,9,12,letter_18,false_font_13,target,false_font,center,false_font_13,1.5,0.91959232701226,0,0,onset,1100
SX106,prp,0,9,13,letter_18,false_font_13,irrelevant,face,center,face_14,1,1.85869270922397,0,1,offset,1100
SX106,prp,0,9,14,letter_18,false_font_13,irrelevant,face,center,face_18,0.5,1.30708179514632,0.232,0.232,onset,1100
SX106,prp,0,9,15,letter_18,false_font_13,non-target,letter,center,letter_09,0.5,0.98837812468748,0.466,0.966,offset,1000
SX106,prp,0,9,16,letter_18,false_font_13,non-target,false_font,center,false_font_14,1.5,1.49820886183097,0,1.5,offset,1000
SX106,prp,0,9,17,letter_18,false_font_13,target,letter,center,letter_18,0.5,1.07689537896565,0.232,0.232,onset,1000
SX106,prp,0,9,18,letter_18,false_font_13,non-target,letter,right,letter_02,1.5,1.91055946456531,0,0,onset,1100
SX106,prp,0,10,19,letter_18,false_font_13,non-target,letter,center,letter_08,1,1.79778403930108,0.232,1.232,offset,1000
SX106,prp,0,10,20,letter_18,false_font_13,irrelevant,face,center,face_07,0.5,1.18458441555886,0.232,0.732,offset,1100
SX106,prp,0,10,21,letter_18,false_font_13,irrelevant,object,left,object_04,0.5,1.75108840179206,0,0,onset,1000
SX106,prp,0,10,22,letter_18,false_font_13,irrelevant,object,center,object_20,1.5,0.917448157583644,0,1.5,offset,1000
SX106,prp,0,10,23,letter_18,false_font_13,irrelevant,face,left,face_05,1.5,1.53268319763689,0.466,0.466,onset,1000
SX106,prp,0,10,24,letter_18,false_font_13,irrelevant,face,center,face_06,1,1.76555203343798,0,1,offset,1000
SX106,prp,0,10,25,letter_18,false_font_13,irrelevant,face,center,face_05,1.5,0.733184566787729,0.232,1.732,offset,1100
SX106,prp,0,10,26,letter_18,false_font_13,irrelevant,face,center,face_17,1.5,1.55469302973514,0.466,1.966,offset,1100
SX106,prp,0,10,27,letter_18,false_font_13,non-target,false_font,right,false_font_01,0.5,0.773828629606398,0.466,0.466,onset,1100
SX106,prp,0,10,28,letter_18,false_font_13,irrelevant,object,left,object_19,1.5,1.04309922226959,0.232,0.232,onset,1000
SX106,prp,0,10,29,letter_18,false_font_13,irrelevant,face,center,face_07,1,1.13350053595354,0.466,1.466,offset,1000
SX106,prp,0,10,30,letter_18,false_font_13,target,false_font,right,false_font_13,0.5,1.30647981429511,0.466,0.966,offset,1000
SX106,prp,0,10,31,letter_18,false_font_13,non-target,false_font,left,false_font_16,1,1.27387484488863,0.466,0.466,onset,1000
SX106,prp,0,10,32,letter_18,false_font_13,target,false_font,left,false_font_13,0.5,1.409736986584,0,0.5,offset,1000
SX106,prp,0,10,33,letter_18,false_font_13,non-target,false_font,center,false_font_17,1.5,1.94542694699346,0,0,onset,1100
SX106,prp,0,10,34,letter_18,false_font_13,non-target,false_font,center,false_font_08,1,0.828117463791828,0.466,1.466,offset,1000
SX106,prp,0,10,35,letter_18,false_font_13,non-target,letter,left,letter_11,0.5,1.79916932964935,0.232,0.232,onset,1000
SX106,prp,0,10,36,letter_18,false_font_13,non-target,false_font,center,false_font_10,1.5,1.50214254827258,0.232,1.732,offset,1100
SX106,prp,0,10,37,letter_18,false_font_13,non-target,letter,center,letter_07,1,0.912983531179197,0.466,1.466,offset,1000
SX106,prp,0,11,1,letter_07,false_font_12,target,false_font,right,false_font_12,0.5,1.61777860980165,0,0.5,offset,1000
SX106,prp,0,11,2,letter_07,false_font_12,target,letter,right,letter_07,1,0.808805115467506,0.466,0.466,onset,1000
SX106,prp,0,11,3,letter_07,false_font_12,irrelevant,object,center,object_16,1.5,1.01351366167859,0.232,0.232,onset,1100
SX106,prp,0,11,4,letter_07,false_font_12,irrelevant,face,center,face_19,1,1.47852616924705,0,1,offset,1100
SX106,prp,0,11,5,letter_07,false_font_12,irrelevant,object,left,object_10,1,1.44845187884405,0,0,onset,1000
SX106,prp,0,11,6,letter_07,false_font_12,non-target,false_font,right,false_font_10,1,0.744576878344708,0,0,onset,1100
SX106,prp,0,11,7,letter_07,false_font_12,non-target,letter,center,letter_11,1.5,0.957704765337367,0,1.5,offset,1100
SX106,prp,0,11,8,letter_07,false_font_12,irrelevant,object,center,object_05,1.5,0.763103494034466,0,1.5,offset,1000
SX106,prp,0,11,9,letter_07,false_font_12,irrelevant,face,center,face_04,1.5,0.893497322091626,0.232,1.732,offset,1100
SX106,prp,0,11,10,letter_07,false_font_12,irrelevant,object,center,object_08,1.5,0.737168545666538,0.466,1.966,offset,1100
SX106,prp,0,11,11,letter_07,false_font_12,irrelevant,object,center,object_20,1,1.22265016740366,0.466,0.466,onset,1000
SX106,prp,0,11,12,letter_07,false_font_12,non-target,letter,center,letter_04,1,0.988860306864515,0.232,1.232,offset,1000
SX106,prp,0,11,13,letter_07,false_font_12,non-target,letter,center,letter_18,1,1.58663255687066,0,1,offset,1100
SX106,prp,0,11,14,letter_07,false_font_12,irrelevant,object,center,object_02,1,0.805539327120462,0.232,1.232,offset,1000
SX106,prp,0,11,15,letter_07,false_font_12,non-target,false_font,right,false_font_15,1,1.07237685220521,0.232,0.232,onset,1100
SX106,prp,0,11,16,letter_07,false_font_12,irrelevant,object,center,object_18,1.5,0.800377695703658,0.232,1.732,offset,1000
SX106,prp,0,11,17,letter_07,false_font_12,non-target,false_font,right,false_font_03,1,1.59967808429951,0.466,0.466,onset,1100
SX106,prp,0,12,18,letter_07,false_font_12,target,letter,center,letter_07,1.5,1.50098703422806,0.466,1.966,offset,1000
SX106,prp,0,12,19,letter_07,false_font_12,non-target,false_font,center,false_font_07,0.5,1.5555356299613,0.466,0.466,onset,1100
SX106,prp,0,12,20,letter_07,false_font_12,non-target,false_font,center,false_font_20,0.5,0.947844404784236,0,0.5,offset,1000
SX106,prp,0,12,21,letter_07,false_font_12,non-target,false_font,center,false_font_15,1.5,1.23734023653881,0.466,0.466,onset,1100
SX106,prp,0,12,22,letter_07,false_font_12,non-target,letter,center,letter_15,0.5,1.5737675999839,0.466,0.466,onset,1000
SX106,prp,0,12,23,letter_07,false_font_12,non-target,letter,center,letter_12,1,1.61924143776196,0,0,onset,1000
SX106,prp,0,12,24,letter_07,false_font_12,irrelevant,face,center,face_20,0.5,1.36645798204435,0,0.5,offset,1000
SX106,prp,0,12,25,letter_07,false_font_12,irrelevant,face,left,face_04,1.5,1.85547438184041,0,0,onset,1000
SX106,prp,0,12,26,letter_07,false_font_12,irrelevant,face,center,face_09,1.5,0.941514813980531,0.232,0.232,onset,1100
SX106,prp,0,12,27,letter_07,false_font_12,non-target,false_font,left,false_font_08,0.5,1.50374384928396,0,0,onset,1000
SX106,prp,0,12,28,letter_07,false_font_12,non-target,letter,center,letter_18,1,1.86227991012404,0.232,1.232,offset,1100
SX106,prp,0,12,29,letter_07,false_font_12,irrelevant,object,center,object_17,1.5,1.13919606978021,0.232,0.232,onset,1000
SX106,prp,0,12,30,letter_07,false_font_12,irrelevant,object,center,object_02,1,1.75859727147478,0,0,onset,1000
SX106,prp,0,12,31,letter_07,false_font_12,non-target,letter,center,letter_09,0.5,0.79055505739368,0.232,0.732,offset,1000
SX106,prp,0,12,32,letter_07,false_font_12,non-target,false_font,center,false_font_03,0.5,1.28371696005478,0.466,0.466,onset,1000
SX106,prp,0,12,33,letter_07,false_font_12,non-target,false_font,center,false_font_05,1,1.81081222367384,0.466,0.466,onset,1100
SX106,prp,0,12,34,letter_07,false_font_12,irrelevant,face,center,face_13,1.5,1.08401049312804,0,1.5,offset,1000
SX106,prp,0,12,35,letter_07,false_font_12,irrelevant,face,center,face_02,1,1.27405869773333,0.466,0.466,onset,1100
SX106,prp,0,13,1,face_10,object_04,non-target,object,center,object_01,1,0.871152820720022,0,1,offset,1100
SX106,prp,0,13,2,face_10,object_04,non-target,object,center,object_18,0.5,0.741699097897688,0.232,0.732,offset,1100
SX106,prp,0,13,3,face_10,object_04,irrelevant,letter,center,letter_17,0.5,1.14631809598909,0.232,0.732,offset,1100
SX106,prp,0,13,4,face_10,object_04,irrelevant,false_font,center,false_font_01,0.5,1.04245572342024,0.232,0.232,onset,1000
SX106,prp,0,13,5,face_10,object_04,irrelevant,letter,center,letter_19,0.5,1.06383000807188,0.232,0.232,onset,1100
SX106,prp,0,13,6,face_10,object_04,non-target,object,left,object_02,0.5,1.79625502329986,0,0,onset,1000
SX106,prp,0,13,7,face_10,object_04,non-target,object,center,object_18,1.5,0.950674912579448,0,1.5,offset,1100
SX106,prp,0,13,8,face_10,object_04,irrelevant,false_font,center,false_font_10,1,1.54318591614024,0.232,1.232,offset,1100
SX106,prp,0,13,9,face_10,object_04,non-target,face,center,face_05,1.5,1.43534555319276,0.232,0.232,onset,1100
SX106,prp,0,13,10,face_10,object_04,non-target,object,center,object_20,1,0.736501822788957,0.232,1.232,offset,1000
SX106,prp,0,13,11,face_10,object_04,non-target,object,center,object_11,1,0.996267805065667,0.466,0.466,onset,1100
SX106,prp,0,13,12,face_10,object_04,target,face,center,face_10,0.5,1.6376686153337,0.466,0.466,onset,1100
SX106,prp,0,13,13,face_10,object_04,irrelevant,false_font,center,false_font_02,1.5,0.745243593176094,0,1.5,offset,1100
SX106,prp,0,13,14,face_10,object_04,target,object,center,object_04,1.5,1.17346706678866,0,1.5,offset,1100
SX106,prp,0,13,15,face_10,object_04,non-target,object,center,object_06,1.5,0.831233029885884,0.466,1.966,offset,1000
SX106,prp,0,13,16,face_10,object_04,non-target,face,center,face_11,1,0.737693759937674,0.232,1.232,offset,1100
SX106,prp,0,13,17,face_10,object_04,target,face,center,face_10,0.5,1.57238212413617,0,0,onset,1000
SX106,prp,0,13,18,face_10,object_04,target,object,right,object_04,0.5,0.867108109779075,0,0,onset,1100
SX106,prp,0,13,19,face_10,object_04,irrelevant,letter,center,letter_02,1.5,1.82112271522466,0,0,onset,1100
SX106,prp,0,14,20,face_10,object_04,non-target,object,left,object_09,1.5,0.732290173809685,0.466,0.466,onset,1000
SX106,prp,0,14,21,face_10,object_04,non-target,object,center,object_14,1,1.74834875181848,0.232,1.232,offset,1100
SX106,prp,0,14,22,face_10,object_04,irrelevant,false_font,center,false_font_10,0.5,1.12709200300067,0,0.5,offset,1100
SX106,prp,0,14,23,face_10,object_04,irrelevant,false_font,center,false_font_03,1.5,1.55021814572258,0.466,1.966,offset,1000
SX106,prp,0,14,24,face_10,object_04,irrelevant,letter,left,letter_15,1.5,0.941257791862132,0,0,onset,1000
SX106,prp,0,14,25,face_10,object_04,irrelevant,letter,center,letter_08,0.5,1.59235538819796,0,0.5,offset,1100
SX106,prp,0,14,26,face_10,object_04,irrelevant,false_font,center,false_font_15,1.5,0.796993268058844,0.232,1.732,offset,1100
SX106,prp,0,14,27,face_10,object_04,target,object,left,object_04,0.5,0.877806472005264,0.232,0.232,onset,1100
SX106,prp,0,14,28,face_10,object_04,non-target,face,center,face_05,1,1.01279666015115,0.466,1.466,offset,1000
SX106,prp,0,14,29,face_10,object_04,irrelevant,false_font,center,false_font_17,0.5,0.736663809396115,0.466,0.966,offset,1100
SX106,prp,0,14,30,face_10,object_04,non-target,face,center,face_17,1.5,1.55376993374292,0.232,1.732,offset,1100
SX106,prp,0,14,31,face_10,object_04,irrelevant,false_font,right,false_font_10,0.5,0.977985481155463,0.466,0.466,onset,1100
SX106,prp,0,14,32,face_10,object_04,target,face,center,face_10,0.5,1.58729953280093,0.232,0.732,offset,1100
SX106,prp,0,14,33,face_10,object_04,irrelevant,letter,center,letter_01,1,1.69894646589474,0,1,offset,1000
SX106,prp,0,14,34,face_10,object_04,non-target,face,center,face_06,0.5,1.8650311501776,0.232,0.732,offset,1100
SX106,prp,0,14,35,face_10,object_04,non-target,face,center,face_08,0.5,1.82821006407903,0.232,0.232,onset,1100
SX106,prp,0,14,36,face_10,object_04,irrelevant,false_font,center,false_font_15,0.5,1.74071835477744,0.232,0.732,offset,1100
SX106,prp,0,14,37,face_10,object_04,non-target,face,left,face_06,1,1.80776462261481,0.466,0.466,onset,1000
SX106,prp,0,14,38,face_10,object_04,irrelevant,letter,center,letter_14,0.5,0.946656863114156,0.466,0.966,offset,1000
SX106,prp,0,15,1,face_19,object_05,irrelevant,false_font,center,false_font_19,0.5,0.758585007870128,0,0,onset,1100
SX106,prp,0,15,2,face_19,object_05,irrelevant,false_font,right,false_font_08,1,0.726841504352036,0,0,onset,1100
SX106,prp,0,15,3,face_19,object_05,non-target,object,center,object_19,1.5,0.862899531631381,0.232,1.732,offset,1100
SX106,prp,0,15,4,face_19,object_05,non-target,face,center,face_10,0.5,0.737516200242588,0.232,0.732,offset,1000
SX106,prp,0,15,5,face_19,object_05,irrelevant,false_font,center,false_font_17,1.5,1.03957460215148,0,1.5,offset,1100
SX106,prp,0,15,6,face_19,object_05,irrelevant,letter,right,letter_07,1,0.787627159677672,0.232,0.232,onset,1100
SX106,prp,0,15,7,face_19,object_05,non-target,face,center,face_11,1.5,1.14859259527185,0,0,onset,1100
SX106,prp,0,15,8,face_19,object_05,non-target,face,center,face_17,0.5,1.15672916122326,0.466,0.966,offset,1000
SX106,prp,0,15,9,face_19,object_05,irrelevant,false_font,left,false_font_13,1.5,0.97971513519795,0.232,0.232,onset,1000
SX106,prp,0,15,10,face_19,object_05,target,object,right,object_05,1,0.923586061302807,0.466,1.466,offset,1100
SX106,prp,0,15,11,face_19,object_05,irrelevant,letter,center,letter_12,0.5,0.990398168580019,0.232,0.732,offset,1000
SX106,prp,0,15,12,face_19,object_05,non-target,face,left,face_20,1.5,0.753574115324627,0.466,0.466,onset,1000
SX106,prp,0,15,13,face_19,object_05,non-target,face,center,face_15,0.5,0.981987779680412,0.466,0.966,offset,1100
SX106,prp,0,15,14,face_19,object_05,non-target,face,center,face_09,0.5,0.983381607071888,0.466,0.466,onset,1100
SX106,prp,0,15,15,face_19,object_05,irrelevant,false_font,center,false_font_04,1.5,1.45833894514737,0.232,0.232,onset,1100
SX106,prp,0,15,16,face_19,object_05,target,face,center,face_19,1,0.984177676487652,0,1,offset,1100
SX106,prp,0,15,17,face_19,object_05,irrelevant,letter,center,letter_04,1.5,1.88172928570651,0,0,onset,1000
SX106,prp,0,16,18,face_19,object_05,irrelevant,letter,center,letter_13,0.5,1.1062840985132,0.232,0.732,offset,1000
SX106,prp,0,16,19,face_19,object_05,non-target,face,right,face_05,0.5,0.767951928114745,0,0,onset,1100
SX106,prp,0,16,20,face_19,object_05,non-target,object,right,object_16,0.5,1.52138423306283,0.232,0.232,onset,1100
SX106,prp,0,16,21,face_19,object_05,irrelevant,false_font,center,false_font_10,1,1.06291420185292,0.466,0.466,onset,1000
SX106,prp,0,16,22,face_19,object_05,non-target,face,right,face_18,0.5,0.801561323498691,0.466,0.466,onset,1100
SX106,prp,0,16,23,face_19,object_05,irrelevant,letter,center,letter_06,1,1.93891438858216,0.466,1.466,offset,1100
SX106,prp,0,16,24,face_19,object_05,non-target,face,center,face_09,1.5,1.59728218326546,0.466,1.966,offset,1100
SX106,prp,0,16,25,face_19,object_05,non-target,object,center,object_06,0.5,0.873723004205645,0.232,0.232,onset,1100
SX106,prp,0,16,26,face_19,object_05,irrelevant,false_font,center,false_font_08,1.5,0.711402085198402,0.466,1.966,offset,1100
SX106,prp,0,16,27,face_19,object_05,irrelevant,false_font,center,false_font_07,1.5,1.28612895480765,0,1.5,offset,1000
SX106,prp,0,16,28,face_19,object_05,non-target,face,center,face_18,1.5,1.02825216898703,0.466,0.466,onset,1100
SX106,prp,0,16,29,face_19,object_05,non-target,object,left,object_01,0.5,1.6962617926831,0.232,0.232,onset,1000
SX106,prp,0,16,30,face_19,object_05,irrelevant,false_font,left,false_font_07,1.5,0.792082918217519,0,0,onset,1000
SX106,prp,0,16,31,face_19,object_05,non-target,face,center,face_09,1,0.861135289884395,0,0,onset,1000
SX106,prp,0,16,32,face_19,object_05,irrelevant,false_font,center,false_font_17,0.5,0.864593784007819,0.232,0.732,offset,1000
SX106,prp,0,16,33,face_19,object_05,irrelevant,letter,center,letter_14,0.5,0.797999041486311,0,0,onset,1000
SX106,prp,0,16,34,face_19,object_05,non-target,face,center,face_05,1.5,0.979081268074798,0,1.5,offset,1000
SX106,prp,0,17,1,face_03,object_02,irrelevant,false_font,center,false_font_06,1,1.15239964611243,0.466,1.466,offset,1000
SX106,prp,0,17,2,face_03,object_02,non-target,object,center,object_07,1.5,0.90136556221357,0,1.5,offset,1000
SX106,prp,0,17,3,face_03,object_02,irrelevant,letter,right,letter_15,0.5,1.40448329888452,0.466,0.466,onset,1100
SX106,prp,0,17,4,face_03,object_02,non-target,object,center,object_15,1,1.33167301464681,0.466,1.466,offset,1000
SX106,prp,0,17,5,face_03,object_02,non-target,object,center,object_05,0.5,1.00777240339531,0,0.5,offset,1000
SX106,prp,0,17,6,face_03,object_02,irrelevant,letter,left,letter_16,1,1.37613818906157,0.232,0.232,onset,1000
SX106,prp,0,17,7,face_03,object_02,irrelevant,false_font,center,false_font_14,1.5,1.41506722597033,0.232,1.732,offset,1000
SX106,prp,0,17,8,face_03,object_02,target,object,center,object_02,0.5,1.24114040829951,0,0.5,offset,1100
SX106,prp,0,17,9,face_03,object_02,non-target,face,right,face_09,1.5,0.744148501996797,0.466,0.466,onset,1100
SX106,prp,0,17,10,face_03,object_02,irrelevant,letter,center,letter_11,1,1.31958288295912,0.232,1.232,offset,1100
SX106,prp,0,17,11,face_03,object_02,non-target,face,center,face_19,0.5,1.95719602128998,0.232,0.232,onset,1000
SX106,prp,0,17,12,face_03,object_02,non-target,face,center,face_20,1.5,1.74361524917058,0.466,1.966,offset,1100
SX106,prp,0,17,13,face_03,object_02,non-target,face,center,face_07,1.5,1.48518551422832,0.232,1.732,offset,1000
SX106,prp,0,17,14,face_03,object_02,non-target,object,center,object_10,0.5,1.2054532761541,0.232,0.232,onset,1000
SX106,prp,0,17,15,face_03,object_02,irrelevant,false_font,left,false_font_15,0.5,1.94942912455805,0.232,0.232,onset,1000
SX106,prp,0,17,16,face_03,object_02,irrelevant,letter,center,letter_17,1.5,0.874873704491665,0,1.5,offset,1100
SX106,prp,0,17,17,face_03,object_02,target,face,left,face_03,1,0.853469244815786,0.466,0.466,onset,1100
SX106,prp,0,17,18,face_03,object_02,non-target,object,left,object_11,1.5,0.781480949198159,0.232,0.232,onset,1000
SX106,prp,0,18,19,face_03,object_02,irrelevant,false_font,center,false_font_02,0.5,1.42245441010072,0.466,0.966,offset,1000
SX106,prp,0,18,20,face_03,object_02,non-target,face,center,face_04,1,0.740085678692863,0,1,offset,1000
SX106,prp,0,18,21,face_03,object_02,non-target,object,center,object_11,1.5,0.780237941560722,0.466,1.966,offset,1000
SX106,prp,0,18,22,face_03,object_02,irrelevant,letter,right,letter_09,1.5,0.757014207732279,0.466,0.466,onset,1100
SX106,prp,0,18,23,face_03,object_02,irrelevant,letter,center,letter_07,1,0.815631858356837,0.232,1.232,offset,1000
SX106,prp,0,18,24,face_03,object_02,irrelevant,letter,center,letter_09,1,1.67021737756514,0,0,onset,1100
SX106,prp,0,18,25,face_03,object_02,irrelevant,letter,left,letter_04,0.5,1.43955095077338,0,0,onset,1000
SX106,prp,0,18,26,face_03,object_02,non-target,object,center,object_03,1,1.45933658335609,0.232,1.232,offset,1100
SX106,prp,0,18,27,face_03,object_02,irrelevant,false_font,center,false_font_14,1,1.91315770089298,0.466,1.466,offset,1100
SX106,prp,0,18,28,face_03,object_02,target,object,center,object_02,1,1.16619710192585,0.466,0.466,onset,1000
SX106,prp,0,18,29,face_03,object_02,target,face,right,face_03,1.5,1.87449992168001,0.466,0.466,onset,1000
SX106,prp,0,18,30,face_03,object_02,irrelevant,letter,left,letter_09,0.5,0.810044633444407,0.232,0.232,onset,1000
SX106,prp,0,18,31,face_03,object_02,irrelevant,letter,center,letter_06,1.5,1.09210429671465,0.466,1.966,offset,1100
SX106,prp,0,18,32,face_03,object_02,irrelevant,false_font,left,false_font_09,1,1.81793410244383,0.466,0.466,onset,1000
SX106,prp,0,18,33,face_03,object_02,non-target,object,center,object_15,1,0.765682944382582,0.232,1.232,offset,1000
SX106,prp,0,18,34,face_03,object_02,non-target,face,center,face_14,1.5,0.780614836145896,0,1.5,offset,1100
SX106,prp,0,18,35,face_03,object_02,non-target,object,right,object_01,1,0.850731168864624,0.232,0.232,onset,1100
SX106,prp,0,18,36,face_03,object_02,non-target,object,center,object_01,0.5,1.53771064558784,0.466,0.966,offset,1100
SX106,prp,0,19,1,face_12,object_08,irrelevant,letter,center,letter_16,1,0.927914986862491,0.466,1.466,offset,1000
SX106,prp,0,19,2,face_12,object_08,irrelevant,letter,center,letter_07,1,0.914765835332996,0.232,1.232,offset,1000
SX106,prp,0,19,3,face_12,object_08,irrelevant,false_font,right,false_font_03,1.5,1.00689553147807,0,0,onset,1100
SX106,prp,0,19,4,face_12,object_08,irrelevant,false_font,center,false_font_03,0.5,1.4335898688647,0.466,0.466,onset,1100
SX106,prp,0,19,5,face_12,object_08,non-target,object,left,object_04,1,1.06621109809958,0.232,0.232,onset,1000
SX106,prp,0,19,6,face_12,object_08,non-target,object,center,object_02,1.5,0.710833588468289,0,0,onset,1000
SX106,prp,0,19,7,face_12,object_08,target,object,right,object_08,1,1.56125264741824,0.466,1.466,offset,1100
SX106,prp,0,19,8,face_12,object_08,irrelevant,false_font,center,false_font_03,1,1.62300044358932,0.232,1.232,offset,1000
SX106,prp,0,19,9,face_12,object_08,non-target,object,right,object_15,0.5,1.73625555502493,0,0,onset,1100
SX106,prp,0,19,10,face_12,object_08,non-target,object,center,object_18,1.5,1.11818114568551,0,0,onset,1100
SX106,prp,0,19,11,face_12,object_08,irrelevant,letter,center,letter_15,1.5,1.58765208361458,0.466,1.966,offset,1100
SX106,prp,0,19,12,face_12,object_08,non-target,face,center,face_01,0.5,1.23113189393723,0,0.5,offset,1000
SX106,prp,0,19,13,face_12,object_08,irrelevant,false_font,right,false_font_04,1,0.89323715158507,0.466,0.466,onset,1100
SX106,prp,0,19,14,face_12,object_08,irrelevant,letter,center,letter_15,1,0.721600847944766,0.466,0.466,onset,1100
SX106,prp,0,19,15,face_12,object_08,non-target,face,right,face_10,1,1.88053987296258,0.232,0.232,onset,1100
SX106,prp,0,19,16,face_12,object_08,irrelevant,false_font,center,false_font_11,0.5,1.74430248040613,0,0.5,offset,1000
SX106,prp,0,19,17,face_12,object_08,non-target,face,center,face_03,0.5,1.44722180956525,0.232,0.732,offset,1100
SX106,prp,0,20,18,face_12,object_08,non-target,object,center,object_16,0.5,0.982981590131997,0.466,0.966,offset,1000
SX106,prp,0,20,19,face_12,object_08,non-target,object,center,object_05,1.5,1.0995014249821,0.232,1.732,offset,1000
SX106,prp,0,20,20,face_12,object_08,non-target,object,center,object_05,1,1.3834346779395,0.232,0.232,onset,1000
SX106,prp,0,20,21,face_12,object_08,irrelevant,letter,center,letter_11,1.5,1.27014048389871,0.232,0.232,onset,1100
SX106,prp,0,20,22,face_12,object_08,irrelevant,letter,center,letter_14,1,1.96242285639216,0.232,0.232,onset,1000
SX106,prp,0,20,23,face_12,object_08,irrelevant,letter,right,letter_15,1,1.52987479157591,0.466,0.466,onset,1100
SX106,prp,0,20,24,face_12,object_08,non-target,object,center,object_06,0.5,1.25028773904907,0.466,0.466,onset,1000
SX106,prp,0,20,25,face_12,object_08,irrelevant,letter,left,letter_20,1.5,0.747108179214713,0.232,0.232,onset,1000
SX106,prp,0,20,26,face_12,object_08,non-target,face,center,face_01,1.5,1.56126891337374,0.466,0.466,onset,1000
SX106,prp,0,20,27,face_12,object_08,non-target,object,center,object_17,1,1.49510758081048,0,0,onset,1000
SX106,prp,0,20,28,face_12,object_08,non-target,face,center,face_19,0.5,0.797474369208034,0,0,onset,1000
SX106,prp,0,20,29,face_12,object_08,irrelevant,letter,center,letter_10,1,0.855972974993135,0.232,1.232,offset,1100
SX106,prp,0,20,30,face_12,object_08,non-target,object,right,object_19,0.5,1.98654416422079,0.466,0.466,onset,1100
SX106,prp,0,20,31,face_12,object_08,non-target,face,center,face_01,1.5,0.72183823161945,0,0,onset,1000
SX106,prp,0,20,32,face_12,object_08,target,face,left,face_12,0.5,0.928492763873111,0,0.5,offset,1000
SX106,prp,0,20,33,face_12,object_08,target,object,right,object_08,1.5,1.65571793459066,0.466,1.966,offset,1000
SX106,prp,0,20,34,face_12,object_08,irrelevant,false_font,left,false_font_06,0.5,1.59187462516683,0.466,0.466,onset,1000
SX106,prp,0,20,35,face_12,object_08,irrelevant,letter,center,letter_11,1.5,0.849883859385956,0.232,1.732,offset,1000
SX106,prp,0,21,1,letter_04,false_font_02,non-target,letter,center,letter_11,1.5,0.857948566424759,0.232,1.732,offset,1100
SX106,prp,0,21,2,letter_04,false_font_02,irrelevant,face,right,face_12,1.5,1.45266072806577,0.232,0.232,onset,1100
SX106,prp,0,21,3,letter_04,false_font_02,irrelevant,object,center,object_09,1,0.986949523608981,0,1,offset,1100
SX106,prp,0,21,4,letter_04,false_font_02,non-target,letter,left,letter_14,1,1.02078770966179,0.466,0.466,onset,1000
SX106,prp,0,21,5,letter_04,false_font_02,non-target,false_font,center,false_font_10,1.5,1.4593854405925,0,1.5,offset,1000
SX106,prp,0,21,6,letter_04,false_font_02,irrelevant,face,right,face_10,1,0.787785157637044,0.232,0.232,onset,1100
SX106,prp,0,21,7,letter_04,false_font_02,non-target,false_font,right,false_font_04,0.5,1.09981219175104,0,0,onset,1100
SX106,prp,0,21,8,letter_04,false_font_02,irrelevant,face,center,face_07,0.5,1.04765125541887,0.466,0.466,onset,1100
SX106,prp,0,21,9,letter_04,false_font_02,non-target,letter,center,letter_16,0.5,1.20919225615734,0,0.5,offset,1000
SX106,prp,0,21,10,letter_04,false_font_02,irrelevant,face,center,face_07,1.5,1.52343432454684,0.466,1.966,offset,1000
SX106,prp,0,21,11,letter_04,false_font_02,non-target,letter,right,letter_10,1,0.850838563224865,0.232,0.232,onset,1100
SX106,prp,0,21,12,letter_04,false_font_02,irrelevant,face,center,face_11,0.5,0.970605228638187,0.466,0.966,offset,1100
SX106,prp,0,21,13,letter_04,false_font_02,irrelevant,object,center,object_15,1,1.83193577867225,0.232,0.232,onset,1000
SX106,prp,0,21,14,letter_04,false_font_02,irrelevant,object,center,object_17,1,1.05011827243113,0,0,onset,1100
SX106,prp,0,21,15,letter_04,false_font_02,target,letter,center,letter_04,1,1.07858030073056,0,0,onset,1000
SX106,prp,0,21,16,letter_04,false_font_02,irrelevant,object,left,object_11,1,0.888467345143731,0.232,0.232,onset,1000
SX106,prp,0,21,17,letter_04,false_font_02,non-target,letter,center,letter_20,1.5,0.767784340910663,0.466,0.466,onset,1000
SX106,prp,0,22,18,letter_04,false_font_02,irrelevant,object,center,object_16,1,1.77298256118812,0,1,offset,1000
SX106,prp,0,22,19,letter_04,false_font_02,irrelevant,face,right,face_04,0.5,1.86576945644025,0,0,onset,1100
SX106,prp,0,22,20,letter_04,false_font_02,irrelevant,object,center,object_02,1.5,0.792132281838251,0.466,1.966,offset,1000
SX106,prp,0,22,21,letter_04,false_font_02,non-target,false_font,center,false_font_20,1,0.776338740771142,0.232,0.232,onset,1100
SX106,prp,0,22,22,letter_04,false_font_02,non-target,letter,left,letter_10,1.5,0.99159459761234,0,0,onset,1000
SX106,prp,0,22,23,letter_04,false_font_02,non-target,letter,center,letter_19,1.5,0.705530485324664,0,1.5,offset,1000
SX106,prp,0,22,24,letter_04,false_font_02,irrelevant,face,center,face_10,1,1.13716924379565,0,1,offset,1000
SX106,prp,0,22,25,letter_04,false_font_02,non-target,false_font,center,false_font_08,1,0.778483199764316,0.232,1.232,offset,1000
SX106,prp,0,22,26,letter_04,false_font_02,non-target,false_font,center,false_font_20,0.5,0.957750118493604,0,0,onset,1100
SX106,prp,0,22,27,letter_04,false_font_02,target,false_font,center,false_font_02,1.5,1.91151496080238,0,0,onset,1100
SX106,prp,0,22,28,letter_04,false_font_02,non-target,false_font,center,false_font_17,1.5,0.961553933334476,0.466,1.966,offset,1000
SX106,prp,0,22,29,letter_04,false_font_02,irrelevant,face,center,face_10,1.5,0.879612271182527,0,1.5,offset,1100
SX106,prp,0,22,30,letter_04,false_font_02,irrelevant,face,center,face_03,0.5,1.30996939214958,0,0.5,offset,1100
SX106,prp,0,22,31,letter_04,false_font_02,non-target,false_font,center,false_font_13,1.5,1.93600012476966,0,1.5,offset,1100
SX106,prp,0,22,32,letter_04,false_font_02,non-target,letter,right,letter_07,1.5,0.712069297841069,0.466,0.466,onset,1100
SX106,prp,0,22,33,letter_04,false_font_02,non-target,false_font,left,false_font_08,1,1.08198311568915,0,0,onset,1000
SX106,prp,0,22,34,letter_04,false_font_02,irrelevant,object,center,object_10,1,1.92985964678043,0.232,1.232,offset,1100
SX106,prp,0,23,1,letter_12,false_font_16,non-target,letter,center,letter_06,1.5,0.781260265148939,0,1.5,offset,1100
SX106,prp,0,23,2,letter_12,false_font_16,irrelevant,object,center,object_16,1.5,1.462945450776,0.466,1.966,offset,1100
SX106,prp,0,23,3,letter_12,false_font_16,non-target,letter,center,letter_01,0.5,0.922726376287232,0.232,0.232,onset,1000
SX106,prp,0,23,4,letter_12,false_font_16,irrelevant,face,left,face_06,0.5,1.58536585679711,0.466,0.466,onset,1000
SX106,prp,0,23,5,letter_12,false_font_16,non-target,false_font,center,false_font_10,1,1.18347341373852,0,1,offset,1100
SX106,prp,0,23,6,letter_12,false_font_16,non-target,false_font,center,false_font_05,0.5,1.95838882626112,0.466,0.966,offset,1100
SX106,prp,0,23,7,letter_12,false_font_16,non-target,false_font,left,false_font_07,1.5,0.814263045878139,0.466,0.466,onset,1000
SX106,prp,0,23,8,letter_12,false_font_16,irrelevant,object,center,object_10,0.5,1.0905049498949,0,0.5,offset,1000
SX106,prp,0,23,9,letter_12,false_font_16,non-target,false_font,center,false_font_09,1,0.933183883809696,0,0,onset,1100
SX106,prp,0,23,10,letter_12,false_font_16,target,false_font,center,false_font_16,0.5,1.05428962059212,0,0.5,offset,1100
SX106,prp,0,23,11,letter_12,false_font_16,irrelevant,face,center,face_15,1.5,1.5224031268893,0.466,1.966,offset,1000
SX106,prp,0,23,12,letter_12,false_font_16,non-target,letter,center,letter_18,1.5,0.971733107720044,0,0,onset,1000
SX106,prp,0,23,13,letter_12,false_font_16,non-target,letter,left,letter_19,0.5,0.943882951345761,0.466,0.466,onset,1000
SX106,prp,0,23,14,letter_12,false_font_16,irrelevant,object,center,object_05,1.5,0.798769966685981,0.466,0.466,onset,1000
SX106,prp,0,23,15,letter_12,false_font_16,non-target,letter,center,letter_06,0.5,1.00538894241593,0.466,0.966,offset,1100
SX106,prp,0,23,16,letter_12,false_font_16,target,false_font,center,false_font_16,1,1.5499036292555,0.466,0.466,onset,1100
SX106,prp,0,23,17,letter_12,false_font_16,irrelevant,face,center,face_03,1,0.990315874861648,0,0,onset,1000
SX106,prp,0,23,18,letter_12,false_font_16,irrelevant,object,center,object_16,0.5,1.7437589816375,0.466,0.966,offset,1000
SX106,prp,0,24,19,letter_12,false_font_16,target,false_font,left,false_font_16,0.5,1.81176173814063,0.466,0.466,onset,1000
SX106,prp,0,24,20,letter_12,false_font_16,irrelevant,object,center,object_14,1.5,1.18911039052534,0,0,onset,1000
SX106,prp,0,24,21,letter_12,false_font_16,irrelevant,face,center,face_10,0.5,1.92735884243152,0.466,0.966,offset,1000
SX106,prp,0,24,22,letter_12,false_font_16,non-target,false_font,center,false_font_08,1.5,1.20914771673342,0.466,0.466,onset,1000
SX106,prp,0,24,23,letter_12,false_font_16,irrelevant,object,left,object_16,1,0.766922759439219,0.466,0.466,onset,1000
SX106,prp,0,24,24,letter_12,false_font_16,irrelevant,object,right,object_07,1.5,0.719852617141898,0,0,onset,1100
SX106,prp,0,24,25,letter_12,false_font_16,non-target,letter,left,letter_08,1,1.39403462332831,0.232,0.232,onset,1000
SX106,prp,0,24,26,letter_12,false_font_16,non-target,letter,center,letter_15,1.5,1.02745160283274,0.466,1.966,offset,1100
SX106,prp,0,24,27,letter_12,false_font_16,non-target,letter,left,letter_15,1.5,0.927922440374103,0.466,0.466,onset,1000
SX106,prp,0,24,28,letter_12,false_font_16,non-target,false_font,center,false_font_06,1.5,1.64716056999696,0.466,1.966,offset,1100
SX106,prp,0,24,29,letter_12,false_font_16,irrelevant,face,center,face_06,0.5,1.53601948298422,0.466,0.466,onset,1000
SX106,prp,0,24,30,letter_12,false_font_16,non-target,false_font,center,false_font_18,0.5,0.907848049118187,0.232,0.732,offset,1000
SX106,prp,0,24,31,letter_12,false_font_16,irrelevant,object,center,object_16,0.5,0.855938036467573,0.232,0.732,offset,1000
SX106,prp,0,24,32,letter_12,false_font_16,irrelevant,object,center,object_17,1,1.32135239774593,0.232,0.232,onset,1100
SX106,prp,0,24,33,letter_12,false_font_16,target,letter,center,letter_12,1,1.35053806821022,0.232,0.232,onset,1000
SX106,prp,0,24,34,letter_12,false_font_16,irrelevant,face,center,face_17,0.5,1.58290322546285,0,0,onset,1100
SX106,prp,0,24,35,letter_12,false_font_16,non-target,false_font,left,false_font_12,1,1.02536118694962,0.232,0.232,onset,1000
SX106,prp,0,24,36,letter_12,false_font_16,irrelevant,face,center,face_12,1,1.34621576920175,0.232,1.232,offset,1000
SX106,prp,0,25,1,letter_11,false_font_14,irrelevant,face,left,face_18,0.5,1.18197924386467,0,0,onset,1000
SX106,prp,0,25,2,letter_11,false_font_14,irrelevant,face,right,face_02,1,0.815707210463412,0.466,0.466,onset,1100
SX106,prp,0,25,3,letter_11,false_font_14,irrelevant,object,center,object_01,1.5,1.35428940975369,0.232,1.732,offset,1100
SX106,prp,0,25,4,letter_11,false_font_14,irrelevant,object,center,object_01,1,1.58652012470709,0.466,1.466,offset,1100
SX106,prp,0,25,5,letter_11,false_font_14,non-target,letter,center,letter_14,0.5,1.52829237307853,0.232,0.232,onset,1100
SX106,prp,0,25,6,letter_11,false_font_14,irrelevant,object,center,object_07,1,1.3221711959851,0,1,offset,1100
SX106,prp,0,25,7,letter_11,false_font_14,target,letter,right,letter_11,1,0.806760033327037,0.466,1.466,offset,1100
SX106,prp,0,25,8,letter_11,false_font_14,non-target,false_font,right,false_font_15,1.5,0.962127013739885,0.232,0.232,onset,1100
SX106,prp,0,25,9,letter_11,false_font_14,non-target,false_font,center,false_font_08,0.5,0.840045981015181,0.232,0.232,onset,1100
SX106,prp,0,25,10,letter_11,false_font_14,irrelevant,object,right,object_06,0.5,0.758240669586328,0.232,0.232,onset,1100
SX106,prp,0,25,11,letter_11,false_font_14,non-target,letter,right,letter_13,1.5,1.70704388765644,0.232,0.232,onset,1100
SX106,prp,0,25,12,letter_11,false_font_14,irrelevant,object,center,object_07,0.5,1.08081067467804,0.232,0.232,onset,1100
SX106,prp,0,25,13,letter_11,false_font_14,non-target,letter,center,letter_07,1.5,0.711469734238073,0,0,onset,1100
SX106,prp,0,25,14,letter_11,false_font_14,non-target,false_font,center,false_font_05,1.5,0.789093742195484,0.232,0.232,onset,1000
SX106,prp,0,25,15,letter_11,false_font_14,non-target,letter,center,letter_01,1,1.50052611592408,0.232,0.232,onset,1100
SX106,prp,0,25,16,letter_11,false_font_14,irrelevant,object,center,object_04,0.5,1.53344473101797,0,0,onset,1100
SX106,prp,0,25,17,letter_11,false_font_14,irrelevant,object,center,object_01,1,1.3983398145035,0.232,1.232,offset,1100
SX106,prp,0,26,18,letter_11,false_font_14,non-target,letter,left,letter_03,1.5,1.45671150557667,0.232,0.232,onset,1000
SX106,prp,0,26,19,letter_11,false_font_14,irrelevant,face,center,face_17,1,1.52187568275285,0,0,onset,1100
SX106,prp,0,26,20,letter_11,false_font_14,irrelevant,object,right,object_02,1.5,1.20839808828369,0.232,0.232,onset,1100
SX106,prp,0,26,21,letter_11,false_font_14,non-target,false_font,center,false_font_04,1,1.60490081517611,0,0,onset,1000
SX106,prp,0,26,22,letter_11,false_font_14,target,false_font,left,false_font_14,1,1.84558446254244,0,1,offset,1100
SX106,prp,0,26,23,letter_11,false_font_14,non-target,letter,center,letter_10,0.5,1.25624932265157,0.232,0.732,offset,1000
SX106,prp,0,26,24,letter_11,false_font_14,irrelevant,object,left,object_07,1.5,1.32482446445431,0.466,0.466,onset,1000
SX106,prp,0,26,25,letter_11,false_font_14,irrelevant,face,right,face_02,1.5,1.21573206245861,0,0,onset,1100
SX106,prp,0,26,26,letter_11,false_font_14,irrelevant,face,center,face_05,1,1.13908724498207,0.466,0.466,onset,1000
SX106,prp,0,26,27,letter_11,false_font_14,non-target,false_font,center,false_font_07,1,1.04644142375376,0.232,1.232,offset,1000
SX106,prp,0,26,28,letter_11,false_font_14,non-target,false_font,center,false_font_02,1.5,0.881929430205046,0.232,0.232,onset,1100
SX106,prp,0,26,29,letter_11,false_font_14,irrelevant,face,center,face_09,1.5,1.56951172362962,0.232,1.732,offset,1000
SX106,prp,0,26,30,letter_11,false_font_14,target,false_font,center,false_font_14,1,0.98781467293647,0.232,1.232,offset,1100
SX106,prp,0,26,31,letter_11,false_font_14,non-target,false_font,center,false_font_04,1,0.960089612301784,0.232,1.232,offset,1100
SX106,prp,0,26,32,letter_11,false_font_14,non-target,letter,right,letter_14,0.5,1.14739693099364,0.466,0.466,onset,1100
SX106,prp,0,26,33,letter_11,false_font_14,irrelevant,object,center,object_07,1.5,0.726050539144372,0.232,1.732,offset,1100
SX106,prp,0,26,34,letter_11,false_font_14,non-target,letter,center,letter_03,0.5,1.0921735254766,0,0.5,offset,1100
SX106,prp,0,26,35,letter_11,false_font_14,non-target,false_font,center,false_font_02,0.5,1.64330356965348,0.232,0.732,offset,1100
SX106,prp,0,27,1,letter_19,false_font_20,non-target,false_font,center,false_font_15,0.5,1.75233679688418,0,0,onset,1000
SX106,prp,0,27,2,letter_19,false_font_20,irrelevant,object,left,object_05,0.5,1.03159950298846,0.466,0.466,onset,1000
SX106,prp,0,27,3,letter_19,false_font_20,non-target,letter,right,letter_01,0.5,1.70980780613195,0.232,0.232,onset,1100
SX106,prp,0,27,4,letter_19,false_font_20,non-target,false_font,center,false_font_19,0.5,0.9899963316342,0,0.5,offset,1000
SX106,prp,0,27,5,letter_19,false_font_20,irrelevant,face,center,face_18,1,0.719541628230668,0.232,0.232,onset,1000
SX106,prp,0,27,6,letter_19,false_font_20,non-target,false_font,center,false_font_16,0.5,1.82381798774782,0.232,0.732,offset,1000
SX106,prp,0,27,7,letter_19,false_font_20,irrelevant,object,center,object_01,1.5,1.03829512804175,0,1.5,offset,1100
SX106,prp,0,27,8,letter_19,false_font_20,non-target,false_font,center,false_font_01,1.5,0.986054049017842,0,0,onset,1000
SX106,prp,0,27,9,letter_19,false_font_20,non-target,false_font,center,false_font_13,1.5,0.734672412524509,0,1.5,offset,1100
SX106,prp,0,27,10,letter_19,false_font_20,irrelevant,object,left,object_01,1.5,0.795745074807405,0,0,onset,1000
SX106,prp,0,27,11,letter_19,false_font_20,irrelevant,object,center,object_12,1,1.0145464326168,0.232,1.232,offset,1000
SX106,prp,0,27,12,letter_19,false_font_20,target,false_font,center,false_font_20,0.5,1.01962937392447,0,0.5,offset,1000
SX106,prp,0,27,13,letter_19,false_font_20,non-target,letter,center,letter_10,1,1.14978244107693,0,1,offset,1100
SX106,prp,0,27,14,letter_19,false_font_20,irrelevant,object,center,object_18,0.5,1.02961320602162,0,0.5,offset,1100
SX106,prp,0,27,15,letter_19,false_font_20,irrelevant,object,center,object_14,0.5,1.36253356560319,0.232,0.232,onset,1000
SX106,prp,0,27,16,letter_19,false_font_20,irrelevant,face,center,face_07,1,1.83413761459119,0.232,1.232,offset,1100
SX106,prp,0,27,17,letter_19,false_font_20,non-target,letter,center,letter_11,1,0.885806945425549,0.466,0.466,onset,1000
SX106,prp,0,27,18,letter_19,false_font_20,target,letter,left,letter_19,1,1.14348054421163,0.232,0.232,onset,1000
SX106,prp,0,28,19,letter_19,false_font_20,irrelevant,face,right,face_06,0.5,1.36155164949,0.232,0.232,onset,1100
SX106,prp,0,28,20,letter_19,false_font_20,non-target,letter,center,letter_06,1.5,1.62372293011467,0.466,0.466,onset,1100
SX106,prp,0,28,21,letter_19,false_font_20,non-target,letter,center,letter_16,1,0.734385178367904,0.466,1.466,offset,1000
SX106,prp,0,28,22,letter_19,false_font_20,non-target,false_font,left,false_font_15,1.5,0.770494955685299,0.232,0.232,onset,1000
SX106,prp,0,28,23,letter_19,false_font_20,irrelevant,object,right,object_17,1,1.5934425984925,0.466,0.466,onset,1100
SX106,prp,0,28,24,letter_19,false_font_20,non-target,letter,center,letter_02,1,1.00923082591086,0,1,offset,1000
SX106,prp,0,28,25,letter_19,false_font_20,target,false_font,left,false_font_20,1,1.02530414728446,0.232,1.232,offset,1000
SX106,prp,0,28,26,letter_19,false_font_20,target,letter,right,letter_19,1,0.735768465330129,0,0,onset,1000
SX106,prp,0,28,27,letter_19,false_font_20,non-target,letter,center,letter_12,1.5,0.90665335806797,0.232,0.232,onset,1000
SX106,prp,0,28,28,letter_19,false_font_20,irrelevant,object,center,object_05,0.5,0.93843912150816,0.232,0.732,offset,1100
SX106,prp,0,28,29,letter_19,false_font_20,irrelevant,face,left,face_13,1,1.43183987200922,0.232,0.232,onset,1000
SX106,prp,0,28,30,letter_19,false_font_20,non-target,false_font,center,false_font_08,0.5,1.46041674634284,0,0.5,offset,1100
SX106,prp,0,28,31,letter_19,false_font_20,non-target,false_font,center,false_font_17,1,1.62569022098786,0.232,1.232,offset,1100
SX106,prp,0,28,32,letter_19,false_font_20,irrelevant,face,center,face_01,1,0.797699395282319,0.466,1.466,offset,1000
SX106,prp,0,28,33,letter_19,false_font_20,irrelevant,object,center,object_20,1.5,0.78763667650411,0.466,0.466,onset,1100
SX106,prp,0,28,34,letter_19,false_font_20,irrelevant,object,center,object_12,1.5,1.46755031110196,0.232,1.732,offset,1000
SX106,prp,0,28,35,letter_19,false_font_20,non-target,letter,center,letter_02,0.5,1.07332594691169,0.466,0.966,offset,1000
SX106,prp,0,28,36,letter_19,false_font_20,irrelevant,face,center,face_02,1.5,0.768234364208436,0.466,0.466,onset,1100
SX106,prp,0,28,37,letter_19,false_font_20,target,letter,left,letter_19,1.5,1.04852196835135,0.232,0.232,onset,1000
SX106,prp,0,29,1,face_20,object_03,non-target,object,center,object_06,1.5,0.824450947655315,0.466,1.966,offset,1100
SX106,prp,0,29,2,face_20,object_03,irrelevant,letter,center,letter_01,1,1.49062510806891,0,0,onset,1000
SX106,prp,0,29,3,face_20,object_03,target,face,center,face_20,0.5,1.35128744448042,0.466,0.966,offset,1100
SX106,prp,0,29,4,face_20,object_03,irrelevant,false_font,center,false_font_02,1.5,1.37842438718601,0,0,onset,1100
SX106,prp,0,29,5,face_20,object_03,irrelevant,letter,center,letter_19,1,0.99176864600524,0.466,1.466,offset,1100
SX106,prp,0,29,6,face_20,object_03,irrelevant,letter,left,letter_18,1,1.54350511948935,0,0,onset,1000
SX106,prp,0,29,7,face_20,object_03,non-target,object,center,object_07,0.5,0.761845573702486,0.232,0.732,offset,1100
SX106,prp,0,29,8,face_20,object_03,irrelevant,letter,center,letter_18,1.5,1.60392318302654,0.232,1.732,offset,1100
SX106,prp,0,29,9,face_20,object_03,irrelevant,letter,center,letter_13,0.5,0.884405233359667,0.232,0.232,onset,1000
SX106,prp,0,29,10,face_20,object_03,irrelevant,false_font,left,false_font_10,1,1.33587718048018,0,0,onset,1000
SX106,prp,0,29,11,face_20,object_03,non-target,object,center,object_01,0.5,1.25811694231944,0.466,0.966,offset,1000
SX106,prp,0,29,12,face_20,object_03,irrelevant,letter,center,letter_16,1.5,0.927111824087123,0.232,1.732,offset,1000
SX106,prp,0,29,13,face_20,object_03,irrelevant,letter,center,letter_07,1.5,1.89226117048413,0.232,1.732,offset,1100
SX106,prp,0,29,14,face_20,object_03,irrelevant,false_font,center,false_font_06,0.5,1.43293115997679,0.466,0.966,offset,1000
SX106,prp,0,29,15,face_20,object_03,non-target,object,left,object_16,1,0.974183219027629,0.466,0.466,onset,1000
SX106,prp,0,29,16,face_20,object_03,non-target,face,right,face_15,1,0.917512620660696,0.466,0.466,onset,1100
SX106,prp,0,29,17,face_20,object_03,target,object,left,object_03,0.5,0.746264829913168,0,0.5,offset,1100
SX106,prp,0,29,18,face_20,object_03,non-target,face,center,face_06,1,1.362859956928,0.232,0.232,onset,1000
SX106,prp,0,30,19,face_20,object_03,irrelevant,letter,right,letter_18,0.5,1.36532197758192,0,0,onset,1100
SX106,prp,0,30,20,face_20,object_03,irrelevant,letter,center,letter_17,1.5,1.3802149676079,0.466,1.966,offset,1000
SX106,prp,0,30,21,face_20,object_03,non-target,face,right,face_04,1.5,0.852351106303699,0,0,onset,1100
SX106,prp,0,30,22,face_20,object_03,irrelevant,letter,right,letter_12,1.5,0.956552150629555,0,0,onset,1100
SX106,prp,0,30,23,face_20,object_03,target,face,center,face_20,1,1.82677741294266,0.232,0.232,onset,1000
SX106,prp,0,30,24,face_20,object_03,non-target,object,center,object_18,0.5,0.955819713985603,0,0,onset,1100
SX106,prp,0,30,25,face_20,object_03,non-target,object,right,object_09,1.5,1.01005111835246,0.232,0.232,onset,1100
SX106,prp,0,30,26,face_20,object_03,non-target,face,center,face_06,1,1.07971122540905,0.232,1.232,offset,1100
SX106,prp,0,30,27,face_20,object_03,non-target,object,center,object_13,0.5,0.935482986853709,0,0.5,offset,1100
SX106,prp,0,30,28,face_20,object_03,non-target,face,center,face_14,0.5,1.17820184248904,0.466,0.466,onset,1000
SX106,prp,0,30,29,face_20,object_03,non-target,object,center,object_19,1.5,0.857170965041508,0.466,0.466,onset,1000
SX106,prp,0,30,30,face_20,object_03,non-target,face,center,face_01,0.5,0.792939186153706,0.466,0.966,offset,1100
SX106,prp,0,30,31,face_20,object_03,irrelevant,letter,right,letter_20,1.5,0.711680675892217,0.232,0.232,onset,1100
SX106,prp,0,30,32,face_20,object_03,irrelevant,letter,center,letter_15,0.5,1.80422767883137,0.466,0.466,onset,1000
SX106,prp,0,30,33,face_20,object_03,non-target,object,center,object_07,0.5,1.12467759841994,0,0.5,offset,1000
SX106,prp,0,30,34,face_20,object_03,target,face,left,face_20,1.5,1.13468177600594,0,1.5,offset,1000
SX106,prp,0,30,35,face_20,object_03,irrelevant,false_font,center,false_font_03,1.5,0.930004234046457,0.466,1.966,offset,1100
SX106,prp,0,30,36,face_20,object_03,non-target,face,center,face_04,1.5,0.75041242273043,0.232,0.232,onset,1000
SX106,prp,0,31,1,face_04,object_12,non-target,object,center,object_10,1,0.907147234425626,0,1,offset,1000
SX106,prp,0,31,2,face_04,object_12,non-target,object,center,object_03,1.5,1.96923571093222,0,1.5,offset,1000
SX106,prp,0,31,3,face_04,object_12,non-target,object,center,object_08,0.5,0.80845075816082,0.466,0.966,offset,1100
SX106,prp,0,31,4,face_04,object_12,irrelevant,letter,left,letter_16,0.5,1.8176104274399,0.466,0.466,onset,1000
SX106,prp,0,31,5,face_04,object_12,non-target,object,center,object_14,1.5,0.841609369258791,0.232,0.232,onset,1000
SX106,prp,0,31,6,face_04,object_12,irrelevant,letter,center,letter_16,1,0.780433676155284,0.232,0.232,onset,1100
SX106,prp,0,31,7,face_04,object_12,irrelevant,false_font,center,false_font_04,0.5,1.39918701432343,0,0,onset,1000
SX106,prp,0,31,8,face_04,object_12,irrelevant,letter,center,letter_02,1.5,1.3446344710083,0,1.5,offset,1100
SX106,prp,0,31,9,face_04,object_12,target,object,center,object_12,1,1.0244459949311,0.232,0.232,onset,1100
SX106,prp,0,31,10,face_04,object_12,target,face,right,face_04,0.5,1.54358356822682,0.232,0.232,onset,1000
SX106,prp,0,31,11,face_04,object_12,non-target,face,right,face_02,1,1.63961272915249,0,0,onset,1100
SX106,prp,0,31,12,face_04,object_12,irrelevant,false_font,center,false_font_09,1,1.31786415350856,0.232,0.232,onset,1000
SX106,prp,0,31,13,face_04,object_12,non-target,face,center,face_02,1.5,1.04555876719471,0,1.5,offset,1000
SX106,prp,0,31,14,face_04,object_12,irrelevant,letter,center,letter_12,1.5,1.57881556213567,0.466,0.466,onset,1100
SX106,prp,0,31,15,face_04,object_12,irrelevant,false_font,center,false_font_11,1.5,1.15541262536327,0.232,0.232,onset,1000
SX106,prp,0,31,16,face_04,object_12,non-target,face,left,face_15,1.5,1.07380472241849,0,0,onset,1000
SX106,prp,0,31,17,face_04,object_12,target,face,center,face_04,1,0.965751793224455,0.232,0.232,onset,1100
SX106,prp,0,31,18,face_04,object_12,non-target,face,left,face_17,0.5,0.919248708257133,0.466,0.466,onset,1000
SX106,prp,0,32,19,face_04,object_12,non-target,face,center,face_18,0.5,1.02232915994911,0,0.5,offset,1000
SX106,prp,0,32,20,face_04,object_12,irrelevant,false_font,center,false_font_18,0.5,0.922100918915988,0.232,0.232,onset,1100
SX106,prp,0,32,21,face_04,object_12,non-target,face,center,face_11,1,1.24581454469793,0.232,0.232,onset,1100
SX106,prp,0,32,22,face_04,object_12,non-target,object,center,object_04,1.5,1.15793316212466,0.232,1.732,offset,1100
SX106,prp,0,32,23,face_04,object_12,irrelevant,letter,center,letter_09,1,1.24721583922611,0,1,offset,1100
SX106,prp,0,32,24,face_04,object_12,non-target,object,center,object_20,1,1.24110229146707,0,1,offset,1000
SX106,prp,0,32,25,face_04,object_12,target,face,left,face_04,1,1.00980795846562,0,0,onset,1000
SX106,prp,0,32,26,face_04,object_12,irrelevant,letter,center,letter_03,0.5,1.82024062351954,0,0,onset,1100
SX106,prp,0,32,27,face_04,object_12,irrelevant,false_font,center,false_font_09,1,1.2471550591761,0.232,0.232,onset,1100
SX106,prp,0,32,28,face_04,object_12,irrelevant,false_font,center,false_font_20,1.5,1.11382061632105,0,0,onset,1000
SX106,prp,0,32,29,face_04,object_12,non-target,face,center,face_08,1.5,1.95853833773774,0.466,1.966,offset,1000
SX106,prp,0,32,30,face_04,object_12,non-target,face,center,face_20,1.5,0.8058086281806,0.232,1.732,offset,1000
SX106,prp,0,32,31,face_04,object_12,target,object,center,object_12,1.5,1.54970978540058,0.232,1.732,offset,1100
SX106,prp,0,32,32,face_04,object_12,irrelevant,false_font,center,false_font_14,1.5,1.71419849023657,0.466,0.466,onset,1100
SX106,prp,0,32,33,face_04,object_12,irrelevant,letter,right,letter_05,0.5,0.774341930500363,0.232,0.232,onset,1100
SX106,prp,0,32,34,face_04,object_12,irrelevant,letter,center,letter_06,1.5,1.09676302714595,0.232,0.232,onset,1000
SX106,prp,0,32,35,face_04,object_12,non-target,face,center,face_09,1,0.875702471247863,0.466,1.466,offset,1100
SX106,prp,0,32,36,face_04,object_12,non-target,face,center,face_02,0.5,1.10918507398165,0,0.5,offset,1100
SX106,prp,0,32,37,face_04,object_12,irrelevant,letter,center,letter_06,0.5,1.72662193653607,0,0.5,offset,1000
SX106,prp,0,33,1,face_17,object_19,irrelevant,false_font,center,false_font_14,0.5,1.24523373164952,0.466,0.466,onset,1000
SX106,prp,0,33,2,face_17,object_19,non-target,object,center,object_08,1,1.60462478900315,0,1,offset,1100
SX106,prp,0,33,3,face_17,object_19,irrelevant,letter,center,letter_02,0.5,1.19121492314753,0,0.5,offset,1000
SX106,prp,0,33,4,face_17,object_19,non-target,object,center,object_14,1.5,1.41955999483266,0,1.5,offset,1100
SX106,prp,0,33,5,face_17,object_19,irrelevant,false_font,center,false_font_19,1,1.54747280392629,0,1,offset,1000
SX106,prp,0,33,6,face_17,object_19,non-target,object,left,object_03,0.5,0.804851954577717,0.466,0.466,onset,1000
SX106,prp,0,33,7,face_17,object_19,irrelevant,false_font,left,false_font_11,1,1.47313690295017,0.232,0.232,onset,1000
SX106,prp,0,33,8,face_17,object_19,non-target,face,center,face_04,0.5,1.53854062006624,0,0.5,offset,1100
SX106,prp,0,33,9,face_17,object_19,irrelevant,letter,left,letter_04,1,1.86819463221174,0.466,0.466,onset,1000
SX106,prp,0,33,10,face_17,object_19,target,face,center,face_17,1.5,1.55607153833402,0,0,onset,1000
SX106,prp,0,33,11,face_17,object_19,irrelevant,letter,center,letter_09,1.5,1.69449686273375,0,1.5,offset,1000
SX106,prp,0,33,12,face_17,object_19,irrelevant,false_font,center,false_font_19,1,1.30841943056709,0.466,1.466,offset,1100
SX106,prp,0,33,13,face_17,object_19,irrelevant,letter,center,letter_14,1,1.59503714326753,0,1,offset,1000
SX106,prp,0,33,14,face_17,object_19,target,object,right,object_19,1,1.78614321026751,0.466,0.466,onset,1000
SX106,prp,0,33,15,face_17,object_19,target,object,left,object_19,0.5,1.06500548286541,0.232,0.232,onset,1000
SX106,prp,0,33,16,face_17,object_19,irrelevant,false_font,center,false_font_02,0.5,0.90449310940282,0.232,0.732,offset,1100
SX106,prp,0,33,17,face_17,object_19,non-target,face,center,face_03,1.5,1.91856286679319,0.232,1.732,offset,1100
SX106,prp,0,33,18,face_17,object_19,irrelevant,false_font,center,false_font_16,1.5,1.9924788518348,0,1.5,offset,1000
SX106,prp,0,34,19,face_17,object_19,irrelevant,false_font,center,false_font_20,0.5,1.28907241186823,0,0.5,offset,1100
SX106,prp,0,34,20,face_17,object_19,irrelevant,false_font,center,false_font_20,1,0.988837831110994,0.232,1.232,offset,1100
SX106,prp,0,34,21,face_17,object_19,non-target,face,left,face_03,0.5,1.20518985391695,0.232,0.232,onset,1000
SX106,prp,0,34,22,face_17,object_19,irrelevant,letter,center,letter_12,0.5,0.940931592623659,0,0.5,offset,1100
SX106,prp,0,34,23,face_17,object_19,irrelevant,letter,center,letter_18,1,1.08359043630851,0,1,offset,1100
SX106,prp,0,34,24,face_17,object_19,irrelevant,false_font,right,false_font_11,0.5,1.75675455676969,0.232,0.232,onset,1100
SX106,prp,0,34,25,face_17,object_19,non-target,face,center,face_20,1,1.76942568483239,0,1,offset,1000
SX106,prp,0,34,26,face_17,object_19,non-target,face,right,face_13,0.5,1.20611886903505,0.232,0.232,onset,1100
SX106,prp,0,34,27,face_17,object_19,target,face,right,face_17,1.5,1.06106582407589,0.232,1.732,offset,1000
SX106,prp,0,34,28,face_17,object_19,non-target,face,center,face_09,0.5,1.26627982300939,0,0,onset,1100
SX106,prp,0,34,29,face_17,object_19,irrelevant,letter,center,letter_19,1.5,1.84359216509439,0.466,1.966,offset,1000
SX106,prp,0,34,30,face_17,object_19,non-target,face,left,face_06,1.5,0.781985359043233,0.232,0.232,onset,1000
SX106,prp,0,34,31,face_17,object_19,non-target,object,center,object_09,0.5,0.935257196029876,0.232,0.732,offset,1000
SX106,prp,0,34,32,face_17,object_19,non-target,object,center,object_04,1,1.65948312410763,0.466,1.466,offset,1100
SX106,prp,0,34,33,face_17,object_19,non-target,object,center,object_16,0.5,1.01165187030287,0,0,onset,1000
SX106,prp,0,34,34,face_17,object_19,non-target,object,center,object_01,1.5,1.38556051550134,0.232,0.232,onset,1100
SX106,prp,0,34,35,face_17,object_19,target,object,center,object_19,1.5,1.35460707360848,0,1.5,offset,1000
SX106,prp,0,34,36,face_17,object_19,non-target,object,left,object_06,1,0.989752344652292,0,0,onset,1000
SX106,prp,0,34,37,face_17,object_19,non-target,face,right,face_12,1.5,1.41201510823947,0.232,0.232,onset,1100
SX106,prp,0,35,1,letter_01,false_font_01,irrelevant,face,right,face_11,1,0.779838781147277,0,0,onset,1100
SX106,prp,0,35,2,letter_01,false_font_01,non-target,letter,right,letter_13,0.5,1.40564970862297,0,0,onset,1100
SX106,prp,0,35,3,letter_01,false_font_01,target,false_font,right,false_font_01,1,1.66335026083284,0.466,0.466,onset,1000
SX106,prp,0,35,4,letter_01,false_font_01,irrelevant,face,center,face_05,0.5,1.28640117761593,0.232,0.732,offset,1000
SX106,prp,0,35,5,letter_01,false_font_01,target,letter,left,letter_01,1.5,0.910443186346194,0.232,1.732,offset,1100
SX106,prp,0,35,6,letter_01,false_font_01,irrelevant,object,center,object_09,1,1.26954757240299,0.466,1.466,offset,1100
SX106,prp,0,35,7,letter_01,false_font_01,irrelevant,face,center,face_16,0.5,0.869878090087383,0,0.5,offset,1100
SX106,prp,0,35,8,letter_01,false_font_01,non-target,letter,center,letter_08,0.5,0.797076090483407,0.232,0.732,offset,1100
SX106,prp,0,35,9,letter_01,false_font_01,irrelevant,object,right,object_03,1,0.718437004709231,0,0,onset,1100
SX106,prp,0,35,10,letter_01,false_font_01,target,letter,center,letter_01,0.5,0.775784213791975,0.466,0.466,onset,1100
SX106,prp,0,35,11,letter_01,false_font_01,irrelevant,face,center,face_16,1.5,1.23135695526888,0,0,onset,1100
SX106,prp,0,35,12,letter_01,false_font_01,irrelevant,face,center,face_15,1,1.76670234153912,0.466,1.466,offset,1100
SX106,prp,0,35,13,letter_01,false_font_01,irrelevant,face,center,face_10,1.5,1.91302844493829,0,1.5,offset,1100
SX106,prp,0,35,14,letter_01,false_font_01,non-target,false_font,center,false_font_15,1,0.725345810900902,0,1,offset,1000
SX106,prp,0,35,15,letter_01,false_font_01,non-target,false_font,center,false_font_15,0.5,1.81738555673717,0,0.5,offset,1100
SX106,prp,0,35,16,letter_01,false_font_01,irrelevant,face,center,face_19,1.5,0.925541511232984,0.232,0.232,onset,1000
SX106,prp,0,35,17,letter_01,false_font_01,target,false_font,center,false_font_01,0.5,1.64554973403815,0.232,0.732,offset,1000
SX106,prp,0,35,18,letter_01,false_font_01,irrelevant,object,center,object_19,1,0.810476582431702,0.466,1.466,offset,1000
SX106,prp,0,35,19,letter_01,false_font_01,irrelevant,face,center,face_02,0.5,1.93875323950177,0.232,0.232,onset,1000
SX106,prp,0,36,20,letter_01,false_font_01,non-target,false_font,center,false_font_05,1,1.0712333195717,0,1,offset,1100
SX106,prp,0,36,21,letter_01,false_font_01,target,false_font,right,false_font_01,1,1.83761828627721,0,1,offset,1000
SX106,prp,0,36,22,letter_01,false_font_01,non-target,letter,center,letter_12,1.5,1.4390403509191,0.232,1.732,offset,1100
SX106,prp,0,36,23,letter_01,false_font_01,non-target,letter,center,letter_17,1.5,1.0086936210996,0.466,1.966,offset,1000
SX106,prp,0,36,24,letter_01,false_font_01,irrelevant,face,right,face_02,0.5,0.842123485469028,0.466,0.466,onset,1100
SX106,prp,0,36,25,letter_01,false_font_01,non-target,letter,center,letter_10,1.5,0.787783095051874,0.232,0.232,onset,1100
SX106,prp,0,36,26,letter_01,false_font_01,irrelevant,object,center,object_11,1,0.795780545169753,0.466,0.466,onset,1100
SX106,prp,0,36,27,letter_01,false_font_01,non-target,false_font,center,false_font_07,1.5,1.87843060782368,0.232,1.732,offset,1100
SX106,prp,0,36,28,letter_01,false_font_01,target,letter,center,letter_01,1.5,0.732681512508293,0.232,1.732,offset,1000
SX106,prp,0,36,29,letter_01,false_font_01,non-target,letter,center,letter_20,1.5,1.03249924085882,0.466,1.966,offset,1100
SX106,prp,0,36,30,letter_01,false_font_01,irrelevant,object,right,object_12,1.5,1.67453634819517,0.466,0.466,onset,1100
SX106,prp,0,36,31,letter_01,false_font_01,non-target,false_font,center,false_font_18,1.5,1.27768821510869,0.232,1.732,offset,1000
SX106,prp,0,36,32,letter_01,false_font_01,irrelevant,face,left,face_20,0.5,1.12978943829525,0.232,0.232,onset,1000
SX106,prp,0,36,33,letter_01,false_font_01,non-target,letter,left,letter_09,0.5,0.909868801845592,0,0,onset,1000
SX106,prp,0,36,34,letter_01,false_font_01,non-target,letter,center,letter_05,0.5,1.90264639583642,0.466,0.466,onset,1100
SX106,prp,0,36,35,letter_01,false_font_01,irrelevant,face,center,face_17,0.5,0.705300964916028,0,0.5,offset,1000
SX106,prp,0,36,36,letter_01,false_font_01,non-target,false_font,left,false_font_07,0.5,1.18393545124191,0.466,0.466,onset,1000
SX106,prp,0,36,37,letter_01,false_font_01,non-target,letter,center,letter_04,1,1.06299036395975,0.466,1.466,offset,1100
SX106,prp,0,36,38,letter_01,false_font_01,non-target,letter,center,letter_10,1.5,1.60532770514624,0.232,1.732,offset,1000
