sub_id,task,is_practice,block,trial,target_01,target_02,task_relevance,category,orientation,identity,duration,stim_jit,SOA,onset_SOA,SOA_lock,pitch,intro_jit
SX110,auditory,1,-2,1,practice_05,practice_12,irrelevant,face,center,face_10,1.5,0.806666667,0.232,1.732,offset,1100,0.483085567514413
SX110,auditory,1,-2,2,practice_05,practice_12,non-target,false_font,left,false_font_06,1.5,0.806666667,0.116,1.616,offset,1000,0.511705377502661
SX110,auditory,1,-2,3,practice_05,practice_12,non-target,letter,right,letter_13,0.5,0.806666667,0.116,0.616,offset,1000,0.455846800016062
SX110,auditory,1,-2,4,practice_05,practice_12,non-target,letter,center,letter_01,1,0.94,0,0,onset,1100,0.482564792738625
SX110,auditory,1,-2,5,practice_05,practice_12,irrelevant,object,center,object_11,0.5,1.273333333,0,0.5,offset,1000,1.37144690191628
SX110,auditory,1,-2,6,practice_05,practice_12,irrelevant,face,left,face_18,1,0.726666667,0.232,0.232,onset,1100,1.06772147392365
SX110,auditory,1,-2,7,practice_05,practice_12,target,false_font,center,practice_05,1,0.846666667,0.116,1.116,offset,1000,0.579429532918725
SX110,auditory,1,-2,8,practice_05,practice_12,irrelevant,object,center,object_02,0.5,0.806666667,0,0,onset,1000,0.481489079003858
SX110,auditory,1,-2,9,practice_05,practice_12,target,letter,right,practice_12,1.5,0.74,0.466,1.966,offset,1100,1.02750267545277
SX110,auditory,1,-2,10,practice_05,practice_12,irrelevant,object,right,object_18,1.5,0.966666667,0,1.5,offset,1000,0.840433897450253
SX110,auditory,1,-2,11,practice_05,practice_12,irrelevant,object,center,object_17,0.5,1.006666667,0.116,0.116,onset,1100,0.631423566327745
SX110,auditory,1,-2,12,practice_05,practice_12,non-target,letter,left,letter_03,0.5,0.753333333,0.116,0.616,offset,1000,0.271945453001172
SX110,auditory,1,-2,13,practice_05,practice_12,irrelevant,face,right,face_16,1,1.14,0,1,offset,1000,1.23858368968026
SX110,auditory,1,-2,14,practice_05,practice_12,target,letter,right,practice_12,1,0.86,0.466,0.466,onset,1100,0.557285626744581
SX110,auditory,1,-2,15,practice_05,practice_12,non-target,false_font,left,false_font_13,0.5,1.713333333,0.232,0.732,offset,1000,0.570337266738015
SX110,auditory,1,-2,16,practice_05,practice_12,irrelevant,object,left,object_19,1,1.206666667,0.232,1.232,offset,1000,0.299842626175356
SX110,auditory,1,-2,17,practice_05,practice_12,non-target,false_font,center,false_font_01,1.5,0.78,0.232,0.232,onset,1100,1.0684981902489
SX110,auditory,1,-2,18,practice_05,practice_12,irrelevant,face,left,face_08,1,1.713333333,0.232,1.232,offset,1100,0.465057394277105
SX110,auditory,1,-2,19,practice_05,practice_12,irrelevant,object,center,object_01,0.5,1.273333333,0.466,0.466,onset,1000,1.32096520868873
SX110,auditory,1,-2,20,practice_05,practice_12,irrelevant,face,center,face_02,1,0.74,0.116,0.116,onset,1100,0.227300759960384
SX110,auditory,1,-2,21,practice_05,practice_12,non-target,letter,center,letter_17,0.5,0.806666667,0,0.5,offset,1100,0.813745038165077
SX110,auditory,1,-2,22,practice_05,practice_12,irrelevant,face,center,face_10,1.5,0.833333333,0.466,0.466,onset,1100,0.455062474345701
SX110,auditory,1,-2,23,practice_05,practice_12,non-target,letter,left,letter_03,1.5,0.913333333,0,1.5,offset,1000,0.510861441754659
SX110,auditory,1,-2,24,practice_05,practice_12,irrelevant,object,center,object_14,1.5,0.78,0.116,1.616,offset,1100,0.476807140481725
SX110,auditory,1,-2,25,practice_05,practice_12,non-target,false_font,center,false_font_05,1,0.806666667,0.466,0.466,onset,1100,0.536381312019385
SX110,auditory,1,-2,26,practice_05,practice_12,target,false_font,right,practice_05,1,1.193333333,0.466,0.466,onset,1100,0.941877902360319
SX110,auditory,1,-2,27,practice_05,practice_12,non-target,letter,center,letter_11,1.5,0.726666667,0.116,0.116,onset,1100,0.602071591366039
SX110,auditory,1,-2,28,practice_05,practice_12,non-target,false_font,right,false_font_01,0.5,1.3,0.232,0.232,onset,1000,0.620543402155757
SX110,auditory,1,-2,29,practice_05,practice_12,irrelevant,object,center,object_05,1.5,0.9,0.232,0.232,onset,1100,0.851804802293775
SX110,auditory,1,-2,30,practice_05,practice_12,non-target,letter,left,letter_10,1,0.94,0.116,1.116,offset,1100,0.285208027730465
SX110,auditory,1,-2,31,practice_05,practice_12,irrelevant,object,center,object_03,1.5,1.3,0,1.5,offset,1100,0.545011027636545
SX110,auditory,1,-2,32,practice_05,practice_12,target,letter,center,practice_12,0.5,0.9,0.116,0.116,onset,1000,0.750250936622733
SX110,auditory,1,-2,33,practice_05,practice_12,non-target,false_font,right,false_font_12,1,0.74,0.232,0.232,onset,1000,1.17247960890636
SX110,auditory,1,-2,34,practice_05,practice_12,non-target,false_font,right,false_font_07,1.5,0.966666667,0.232,1.732,offset,1100,1.48358905753095
SX110,auditory,1,-2,35,practice_05,practice_12,non-target,letter,center,letter_12,0.5,0.806666667,0.466,0.466,onset,1000,0.693005497919689
SX110,auditory,1,-2,36,practice_05,practice_12,non-target,false_font,center,false_font_13,1.5,0.78,0.466,0.466,onset,1000,0.406734150745621
SX110,auditory,1,-2,37,practice_05,practice_12,target,false_font,left,practice_05,1,0.94,0.232,1.232,offset,1100,0.214558021895954
SX110,auditory,1,-2,38,practice_05,practice_12,irrelevant,face,left,face_08,1.5,0.74,0,0,onset,1100,0.61791833587115
SX110,auditory,1,-2,39,practice_05,practice_12,non-target,false_font,right,false_font_02,0.5,0.74,0,0,onset,1000,0.7009575221669
SX110,auditory,1,-2,40,practice_05,practice_12,irrelevant,face,center,face_19,1.5,0.833333333,0.466,1.966,offset,1000,0.340261320324882
SX110,visual,1,-1,1,practice_02,practice_11,non-target,false_font,right,false_font_01,0.5,1.3,0.232,0.232,onset,1000,0.423359744480846
SX110,visual,1,-1,2,practice_02,practice_11,target,letter,right,practice_11,1,0.86,0.466,0.466,onset,1100,0.482435824127835
SX110,visual,1,-1,3,practice_02,practice_11,irrelevant,face,center,face_10,1.5,0.833333333,0.466,0.466,onset,1100,0.321808777099116
SX110,visual,1,-1,4,practice_02,practice_11,non-target,false_font,right,false_font_07,1.5,0.966666667,0.232,1.732,offset,1100,0.515084550041798
SX110,visual,1,-1,5,practice_02,practice_11,target,false_font,left,practice_02,1,0.94,0.232,1.232,offset,1100,0.61411453676815
SX110,visual,1,-1,6,practice_02,practice_11,non-target,false_font,left,false_font_06,1.5,0.806666667,0.116,1.616,offset,1000,0.817936476256972
SX110,visual,1,-1,7,practice_02,practice_11,non-target,false_font,right,false_font_12,1,0.74,0.232,0.232,onset,1000,0.508293716214179
SX110,visual,1,-1,8,practice_02,practice_11,non-target,letter,left,letter_03,1.5,0.913333333,0,1.5,offset,1000,1.01079407618949
SX110,visual,1,-1,9,practice_02,practice_11,non-target,letter,right,letter_13,0.5,0.806666667,0.116,0.616,offset,1000,0.26018549761863
SX110,visual,1,-1,10,practice_02,practice_11,irrelevant,object,right,object_18,1.5,0.966666667,0,1.5,offset,1000,0.406758417729192
SX110,visual,1,-1,11,practice_02,practice_11,irrelevant,face,left,face_08,1,1.713333333,0.232,1.232,offset,1100,0.833207612264107
SX110,visual,1,-1,12,practice_02,practice_11,irrelevant,object,center,object_11,0.5,1.273333333,0,0.5,offset,1000,0.839362459263193
SX110,visual,1,-1,13,practice_02,practice_11,non-target,letter,center,letter_17,0.5,0.806666667,0,0.5,offset,1100,1.39645624917843
SX110,visual,1,-1,14,practice_02,practice_11,non-target,false_font,center,false_font_13,1.5,0.78,0.466,0.466,onset,1000,0.815199308456016
SX110,visual,1,-1,15,practice_02,practice_11,non-target,letter,center,letter_01,1,0.94,0,0,onset,1100,0.321855996117598
SX110,visual,1,-1,16,practice_02,practice_11,irrelevant,object,center,object_03,1.5,1.3,0,1.5,offset,1100,1.06039319386675
SX110,visual,1,-1,17,practice_02,practice_11,target,letter,center,practice_11,0.5,0.9,0.116,0.116,onset,1000,0.493883878134105
SX110,visual,1,-1,18,practice_02,practice_11,non-target,letter,left,letter_10,1,0.94,0.116,1.116,offset,1100,0.751204343146081
SX110,visual,1,-1,19,practice_02,practice_11,target,letter,right,practice_11,1.5,0.74,0.466,1.966,offset,1100,0.568756342867217
SX110,visual,1,-1,20,practice_02,practice_11,irrelevant,face,left,face_18,1,0.726666667,0.232,0.232,onset,1100,0.628312332368214
SX110,visual,1,-1,21,practice_02,practice_11,non-target,letter,left,letter_03,0.5,0.753333333,0.116,0.616,offset,1000,0.907545018868807
SX110,visual,1,-1,22,practice_02,practice_11,irrelevant,object,center,object_14,1.5,0.78,0.116,1.616,offset,1100,0.60171378382724
SX110,visual,1,-1,23,practice_02,practice_11,irrelevant,object,left,object_19,1,1.206666667,0.232,1.232,offset,1000,1.33966443257671
SX110,visual,1,-1,24,practice_02,practice_11,non-target,false_font,center,false_font_05,1,0.806666667,0.466,0.466,onset,1100,0.761245600325683
SX110,visual,1,-1,25,practice_02,practice_11,irrelevant,face,left,face_08,1.5,0.74,0,0,onset,1100,0.893898574574369
SX110,visual,1,-1,26,practice_02,practice_11,irrelevant,face,center,face_10,1.5,0.806666667,0.232,1.732,offset,1100,0.504340406110219
SX110,visual,1,-1,27,practice_02,practice_11,non-target,false_font,left,false_font_13,0.5,1.713333333,0.232,0.732,offset,1000,0.32615385029902
SX110,visual,1,-1,28,practice_02,practice_11,irrelevant,object,center,object_05,1.5,0.9,0.232,0.232,onset,1100,0.37256314267463
SX110,visual,1,-1,29,practice_02,practice_11,target,false_font,center,practice_02,1,0.846666667,0.116,1.116,offset,1000,0.334512837498243
SX110,visual,1,-1,30,practice_02,practice_11,irrelevant,object,center,object_17,0.5,1.006666667,0.116,0.116,onset,1100,0.548880742506087
SX110,visual,1,-1,31,practice_02,practice_11,non-target,false_font,center,false_font_01,1.5,0.78,0.232,0.232,onset,1100,0.77442424077843
SX110,visual,1,-1,32,practice_02,practice_11,irrelevant,object,center,object_01,0.5,1.273333333,0.466,0.466,onset,1000,0.373129290908285
SX110,visual,1,-1,33,practice_02,practice_11,non-target,letter,center,letter_11,1.5,0.726666667,0.116,0.116,onset,1100,0.502482463408455
SX110,visual,1,-1,34,practice_02,practice_11,irrelevant,face,center,face_19,1.5,0.833333333,0.466,1.966,offset,1000,1.24008156673653
SX110,visual,1,-1,35,practice_02,practice_11,non-target,false_font,right,false_font_02,0.5,0.74,0,0,onset,1000,0.247313916738667
SX110,visual,1,-1,36,practice_02,practice_11,irrelevant,object,center,object_02,0.5,0.806666667,0,0,onset,1000,0.233141074480788
SX110,visual,1,-1,37,practice_02,practice_11,target,false_font,right,practice_02,1,1.193333333,0.466,0.466,onset,1100,0.57127458422241
SX110,visual,1,-1,38,practice_02,practice_11,irrelevant,face,right,face_16,1,1.14,0,1,offset,1000,0.20027314261818
SX110,visual,1,-1,39,practice_02,practice_11,non-target,letter,center,letter_12,0.5,0.806666667,0.466,0.466,onset,1000,1.07789001343621
SX110,visual,1,-1,40,practice_02,practice_11,irrelevant,face,center,face_02,1,0.74,0.116,0.116,onset,1100,0.445478473790551
SX110,auditory_and_visual,1,0,1,practice_06,practice_11,irrelevant,face,left,face_08,1,1.713333333,0.232,1.232,offset,1100,0.707595281017458
SX110,auditory_and_visual,1,0,2,practice_06,practice_11,non-target,letter,center,letter_11,1.5,0.726666667,0.116,0.116,onset,1100,1.3049683093561
SX110,auditory_and_visual,1,0,3,practice_06,practice_11,irrelevant,face,center,face_10,1.5,0.833333333,0.466,0.466,onset,1100,0.729164916142796
SX110,auditory_and_visual,1,0,4,practice_06,practice_11,irrelevant,object,center,object_11,0.5,1.273333333,0,0.5,offset,1000,1.43025147431172
SX110,auditory_and_visual,1,0,5,practice_06,practice_11,non-target,false_font,center,false_font_01,1.5,0.78,0.232,0.232,onset,1100,0.891165660956003
SX110,auditory_and_visual,1,0,6,practice_06,practice_11,non-target,false_font,center,false_font_05,1,0.806666667,0.466,0.466,onset,1100,0.473142398783232
SX110,auditory_and_visual,1,0,7,practice_06,practice_11,non-target,letter,right,letter_13,0.5,0.806666667,0.116,0.616,offset,1000,1.04005994094398
SX110,auditory_and_visual,1,0,8,practice_06,practice_11,target,false_font,right,practice_06,1,1.193333333,0.466,0.466,onset,1100,0.562437226495098
SX110,auditory_and_visual,1,0,9,practice_06,practice_11,non-target,false_font,right,false_font_01,0.5,1.3,0.232,0.232,onset,1000,1.27563910842092
SX110,auditory_and_visual,1,0,10,practice_06,practice_11,irrelevant,object,center,object_05,1.5,0.9,0.232,0.232,onset,1100,0.228656826512122
SX110,auditory_and_visual,1,0,11,practice_06,practice_11,non-target,letter,left,letter_10,1,0.94,0.116,1.116,offset,1100,0.39396808343164
SX110,auditory_and_visual,1,0,12,practice_06,practice_11,target,false_font,left,practice_06,1,0.94,0.232,1.232,offset,1100,0.580420851055457
SX110,auditory_and_visual,1,0,13,practice_06,practice_11,irrelevant,face,left,face_18,1,0.726666667,0.232,0.232,onset,1100,0.350893478456624
SX110,auditory_and_visual,1,0,14,practice_06,practice_11,irrelevant,object,right,object_18,1.5,0.966666667,0,1.5,offset,1000,1.24956472129318
SX110,auditory_and_visual,1,0,15,practice_06,practice_11,non-target,false_font,center,false_font_13,1.5,0.78,0.466,0.466,onset,1000,1.31984553143227
SX110,auditory_and_visual,1,0,16,practice_06,practice_11,irrelevant,face,right,face_16,1,1.14,0,1,offset,1000,1.21625849750862
SX110,auditory_and_visual,1,0,17,practice_06,practice_11,irrelevant,object,left,object_19,1,1.206666667,0.232,1.232,offset,1000,0.305547356812464
SX110,auditory_and_visual,1,0,18,practice_06,practice_11,non-target,letter,center,letter_17,0.5,0.806666667,0,0.5,offset,1100,0.405972393920593
SX110,auditory_and_visual,1,0,19,practice_06,practice_11,irrelevant,object,center,object_03,1.5,1.3,0,1.5,offset,1100,1.34150906368484
SX110,auditory_and_visual,1,0,20,practice_06,practice_11,non-target,letter,left,letter_03,0.5,0.753333333,0.116,0.616,offset,1000,0.609079306249125
SX110,auditory_and_visual,1,0,21,practice_06,practice_11,target,letter,right,practice_11,1,0.86,0.466,0.466,onset,1100,1.38898661629505
SX110,auditory_and_visual,1,0,22,practice_06,practice_11,non-target,false_font,left,false_font_06,1.5,0.806666667,0.116,1.616,offset,1000,0.27047051458525
SX110,auditory_and_visual,1,0,23,practice_06,practice_11,irrelevant,object,center,object_01,0.5,1.273333333,0.466,0.466,onset,1000,0.961599715110069
SX110,auditory_and_visual,1,0,24,practice_06,practice_11,irrelevant,object,center,object_02,0.5,0.806666667,0,0,onset,1000,0.647558697330473
SX110,auditory_and_visual,1,0,25,practice_06,practice_11,target,letter,center,practice_11,0.5,0.9,0.116,0.116,onset,1000,0.592893165879483
SX110,auditory_and_visual,1,0,26,practice_06,practice_11,irrelevant,face,center,face_19,1.5,0.833333333,0.466,1.966,offset,1000,1.38468920808497
SX110,auditory_and_visual,1,0,27,practice_06,practice_11,irrelevant,object,center,object_14,1.5,0.78,0.116,1.616,offset,1100,0.892445027403509
SX110,auditory_and_visual,1,0,28,practice_06,practice_11,non-target,false_font,left,false_font_13,0.5,1.713333333,0.232,0.732,offset,1000,0.522352750439271
SX110,auditory_and_visual,1,0,29,practice_06,practice_11,irrelevant,face,center,face_10,1.5,0.806666667,0.232,1.732,offset,1100,0.259849219553429
SX110,auditory_and_visual,1,0,30,practice_06,practice_11,non-target,letter,left,letter_03,1.5,0.913333333,0,1.5,offset,1000,0.899205920539373
SX110,auditory_and_visual,1,0,31,practice_06,practice_11,non-target,false_font,right,false_font_12,1,0.74,0.232,0.232,onset,1000,1.07252813570958
SX110,auditory_and_visual,1,0,32,practice_06,practice_11,non-target,false_font,right,false_font_02,0.5,0.74,0,0,onset,1000,0.983355217082572
SX110,auditory_and_visual,1,0,33,practice_06,practice_11,irrelevant,face,center,face_02,1,0.74,0.116,0.116,onset,1100,0.268170793534107
SX110,auditory_and_visual,1,0,34,practice_06,practice_11,irrelevant,object,center,object_17,0.5,1.006666667,0.116,0.116,onset,1100,0.209347632309969
SX110,auditory_and_visual,1,0,35,practice_06,practice_11,non-target,letter,center,letter_12,0.5,0.806666667,0.466,0.466,onset,1000,1.48400857444659
SX110,auditory_and_visual,1,0,36,practice_06,practice_11,non-target,letter,center,letter_01,1,0.94,0,0,onset,1100,0.791268881243196
SX110,auditory_and_visual,1,0,37,practice_06,practice_11,target,false_font,center,practice_06,1,0.846666667,0.116,1.116,offset,1000,0.342214544904139
SX110,auditory_and_visual,1,0,38,practice_06,practice_11,non-target,false_font,right,false_font_07,1.5,0.966666667,0.232,1.732,offset,1100,0.937780754474374
SX110,auditory_and_visual,1,0,39,practice_06,practice_11,target,letter,right,practice_11,1.5,0.74,0.466,1.966,offset,1100,1.27200430267119
SX110,auditory_and_visual,1,0,40,practice_06,practice_11,irrelevant,face,left,face_08,1.5,0.74,0,0,onset,1100,0.252189267816606
SX110,introspection,0,1,1,face_08,object_10,irrelevant,false_font,right,false_font_16,1,1.26906185399549,0.232,1.232,offset,1000,1.12152666759913
SX110,introspection,0,1,2,face_08,object_10,non-target,object,left,object_16,1.5,0.77817647690208,0.232,0.232,onset,1000,0.542141034458403
SX110,introspection,0,1,3,face_08,object_10,irrelevant,letter,center,letter_03,1,1.29563427596493,0.466,0.466,onset,1000,0.983583729849415
SX110,introspection,0,1,4,face_08,object_10,non-target,face,left,face_10,0.5,0.762389556191691,0,0.5,offset,1000,0.488981328979312
SX110,introspection,0,1,5,face_08,object_10,non-target,object,center,object_12,1.5,1.45694251096131,0.466,1.966,offset,1000,1.19168369106914
SX110,introspection,0,1,6,face_08,object_10,irrelevant,letter,right,letter_04,1.5,1.23119770323219,0.232,0.232,onset,1100,0.212900793228429
SX110,introspection,0,1,7,face_08,object_10,irrelevant,letter,center,letter_20,1,1.59054168906,0.232,1.232,offset,1000,0.811536376738347
SX110,introspection,0,1,8,face_08,object_10,non-target,object,left,object_04,1.5,1.54262149859652,0,1.5,offset,1000,0.671400575874413
SX110,introspection,0,1,9,face_08,object_10,irrelevant,letter,center,letter_09,1.5,0.733754856606758,0.466,0.466,onset,1000,1.26246899067526
SX110,introspection,0,1,10,face_08,object_10,non-target,face,left,face_14,1,1.08959661954776,0.466,1.466,offset,1100,0.86920939894031
SX110,introspection,0,1,11,face_08,object_10,non-target,object,center,object_06,0.5,1.17965943368394,0.466,0.966,offset,1100,0.474223393803366
SX110,introspection,0,1,12,face_08,object_10,irrelevant,letter,left,letter_11,1.5,1.41099422006326,0.232,1.732,offset,1100,0.435914343319734
SX110,introspection,0,1,13,face_08,object_10,irrelevant,false_font,center,false_font_16,1.5,0.75576851497492,0.232,1.732,offset,1000,0.799031553616193
SX110,introspection,0,1,14,face_08,object_10,target,face,center,face_08,1,1.32611433274001,0.466,0.466,onset,1100,0.328234007679916
SX110,introspection,0,1,15,face_08,object_10,non-target,object,left,object_02,1,0.754606037932103,0.466,1.466,offset,1000,0.362886039461338
SX110,introspection,0,1,16,face_08,object_10,non-target,face,left,face_03,1,0.959844284064974,0.466,0.466,onset,1000,0.883571231211779
SX110,introspection,0,1,17,face_08,object_10,target,object,left,object_10,1,0.71986193596381,0.232,1.232,offset,1000,0.451505191906878
SX110,introspection,0,1,18,face_08,object_10,irrelevant,letter,center,letter_11,1.5,1.00978266087439,0.232,0.232,onset,1000,0.300610215062773
SX110,introspection,0,1,19,face_08,object_10,non-target,face,right,face_13,1,1.48594746188732,0.232,1.232,offset,1000,0.48258193831225
SX110,introspection,0,2,20,face_08,object_10,irrelevant,false_font,center,false_font_06,1.5,1.38177723214905,0.466,1.966,offset,1100,0.219960326089853
SX110,introspection,0,2,21,face_08,object_10,irrelevant,letter,left,letter_08,1,1.13253046709639,0.232,0.232,onset,1000,1.1841712608625
SX110,introspection,0,2,22,face_08,object_10,irrelevant,letter,left,letter_09,1,1.16651320014129,0.232,1.232,offset,1000,0.656064229817727
SX110,introspection,0,2,23,face_08,object_10,non-target,object,center,object_20,0.5,1.46295875181999,0.232,0.232,onset,1100,0.459022616080387
SX110,introspection,0,2,24,face_08,object_10,target,object,right,object_10,1,1.66056784349075,0.466,1.466,offset,1000,1.19156100017972
SX110,introspection,0,2,25,face_08,object_10,non-target,face,center,face_13,1.5,1.35856288776975,0,0,onset,1100,0.416813835646645
SX110,introspection,0,2,26,face_08,object_10,non-target,face,center,face_17,1.5,1.95565991998207,0.466,0.466,onset,1000,0.407133200902202
SX110,introspection,0,2,27,face_08,object_10,irrelevant,false_font,center,false_font_05,1.5,0.804611478989087,0,0,onset,1000,0.219516729219555
SX110,introspection,0,2,28,face_08,object_10,irrelevant,false_font,left,false_font_19,1,1.5168557309332,0.466,1.466,offset,1100,0.379899075329914
SX110,introspection,0,2,29,face_08,object_10,irrelevant,letter,center,letter_07,0.5,1.7501294950371,0,0,onset,1000,1.07217574054316
SX110,introspection,0,2,30,face_08,object_10,non-target,object,center,object_12,1,1.43088603387221,0.232,0.232,onset,1000,0.86848264094144
SX110,introspection,0,2,31,face_08,object_10,non-target,face,center,face_05,1.5,1.76232729691774,0.232,1.732,offset,1000,0.902334577793117
SX110,introspection,0,2,32,face_08,object_10,irrelevant,letter,left,letter_07,0.5,1.44231322462554,0,0.5,offset,1000,0.845804458127817
SX110,introspection,0,2,33,face_08,object_10,irrelevant,letter,center,letter_15,1,1.82338520797898,0.466,0.466,onset,1100,0.745366366165147
SX110,introspection,0,2,34,face_08,object_10,non-target,face,right,face_18,0.5,0.704981688383469,0,0,onset,1100,0.555982045199806
SX110,introspection,0,2,35,face_08,object_10,non-target,object,right,object_08,0.5,1.12511596437398,0.466,0.966,offset,1100,0.460026532553885
SX110,introspection,0,2,36,face_08,object_10,irrelevant,false_font,center,false_font_10,1.5,1.61190298305184,0.232,0.232,onset,1100,0.622061464304443
SX110,introspection,0,2,37,face_08,object_10,non-target,object,left,object_19,0.5,0.728304675468412,0.232,0.732,offset,1100,0.723716741022228
SX110,introspection,0,2,38,face_08,object_10,irrelevant,letter,left,letter_16,1.5,0.994538038994967,0,1.5,offset,1100,0.313269009408937
SX110,introspection,0,2,39,face_08,object_10,non-target,object,left,object_18,1,1.01240405845888,0.232,1.232,offset,1000,1.44923705593982
SX110,introspection,0,3,1,face_13,object_09,non-target,face,center,face_20,0.5,1.44256957194728,0.466,0.466,onset,1100,1.07203930857002
SX110,introspection,0,3,2,face_13,object_09,non-target,face,center,face_17,1.5,0.702558247053386,0,0,onset,1000,0.781009775646364
SX110,introspection,0,3,3,face_13,object_09,non-target,face,center,face_03,1,1.52190043017375,0.466,0.466,onset,1000,1.47009358167793
SX110,introspection,0,3,4,face_13,object_09,non-target,face,left,face_04,1.5,1.24069532793099,0,1.5,offset,1000,1.48129363694822
SX110,introspection,0,3,5,face_13,object_09,non-target,face,left,face_07,0.5,1.15874236721869,0.232,0.732,offset,1100,1.40567455311028
SX110,introspection,0,3,6,face_13,object_09,irrelevant,false_font,center,false_font_08,1.5,1.11427907769117,0,0,onset,1100,0.808985580267972
SX110,introspection,0,3,7,face_13,object_09,irrelevant,false_font,right,false_font_16,0.5,1.1883575641503,0,0.5,offset,1100,0.727035621495006
SX110,introspection,0,3,8,face_13,object_09,irrelevant,letter,center,letter_02,1,0.787563849414221,0.466,1.466,offset,1000,0.65164132269393
SX110,introspection,0,3,9,face_13,object_09,irrelevant,false_font,center,false_font_10,1,1.59727811182029,0.232,0.232,onset,1100,0.351085980672447
SX110,introspection,0,3,10,face_13,object_09,irrelevant,false_font,left,false_font_04,1.5,0.749741190260475,0.466,1.966,offset,1100,0.842855291052019
SX110,introspection,0,3,11,face_13,object_09,non-target,face,center,face_04,1,1.00071824170026,0.466,1.466,offset,1100,0.804331489122962
SX110,introspection,0,3,12,face_13,object_09,irrelevant,letter,center,letter_16,1.5,0.75722840131282,0.466,0.466,onset,1000,0.235028130619967
SX110,introspection,0,3,13,face_13,object_09,irrelevant,false_font,center,false_font_07,1.5,1.51546497969097,0.466,0.466,onset,1100,0.549016492939022
SX110,introspection,0,3,14,face_13,object_09,non-target,face,left,face_06,0.5,1.99728856138399,0.466,0.466,onset,1000,0.791046934013159
SX110,introspection,0,3,15,face_13,object_09,non-target,object,right,object_18,1.5,0.792758083527193,0.466,1.966,offset,1000,0.696734053442458
SX110,introspection,0,3,16,face_13,object_09,target,face,left,face_13,1,1.17593834160904,0,1,offset,1100,0.620144147805729
SX110,introspection,0,3,17,face_13,object_09,non-target,object,right,object_14,1.5,1.92367438804693,0.466,0.466,onset,1100,0.342744225274143
SX110,introspection,0,3,18,face_13,object_09,irrelevant,false_font,center,false_font_12,0.5,1.24349675577368,0.232,0.732,offset,1000,0.904329167519776
SX110,introspection,0,3,19,face_13,object_09,irrelevant,letter,left,letter_13,0.5,1.05548733614403,0,0.5,offset,1100,0.756764184537517
SX110,introspection,0,3,20,face_13,object_09,irrelevant,false_font,center,false_font_15,1.5,0.865531454637048,0,1.5,offset,1100,0.833611746697746
SX110,introspection,0,4,21,face_13,object_09,irrelevant,letter,center,letter_18,0.5,1.76397829228651,0,0,onset,1100,0.287916764818674
SX110,introspection,0,4,22,face_13,object_09,irrelevant,false_font,center,false_font_01,1.5,1.07408354431631,0,0,onset,1000,0.80744691626866
SX110,introspection,0,4,23,face_13,object_09,irrelevant,letter,left,letter_10,1,1.05868785488609,0,1,offset,1000,0.996913629443445
SX110,introspection,0,4,24,face_13,object_09,non-target,object,left,object_18,1.5,1.33092674624077,0.232,1.732,offset,1000,0.380182251984372
SX110,introspection,0,4,25,face_13,object_09,irrelevant,false_font,center,false_font_01,1,1.47618702332662,0.466,1.466,offset,1000,0.75954279422563
SX110,introspection,0,4,26,face_13,object_09,non-target,object,right,object_06,1,0.922707142188826,0.232,1.232,offset,1000,1.00948592275277
SX110,introspection,0,4,27,face_13,object_09,target,object,right,object_09,1.5,0.901351305759956,0.466,1.966,offset,1000,1.15711362759885
SX110,introspection,0,4,28,face_13,object_09,target,face,left,face_13,1.5,1.56993642126034,0.232,0.232,onset,1100,0.257265789721177
SX110,introspection,0,4,29,face_13,object_09,non-target,face,center,face_12,1,0.89399264041115,0.466,0.466,onset,1100,0.501491365331066
SX110,introspection,0,4,30,face_13,object_09,non-target,face,center,face_15,0.5,1.45123051904611,0.466,0.466,onset,1000,0.285882071963019
SX110,introspection,0,4,31,face_13,object_09,non-target,object,center,object_01,1.5,1.9769734006595,0.466,0.466,onset,1000,0.256705185917823
SX110,introspection,0,4,32,face_13,object_09,irrelevant,false_font,center,false_font_08,1,1.57584117441077,0.466,0.466,onset,1000,0.331574038542916
SX110,introspection,0,4,33,face_13,object_09,target,face,left,face_13,1.5,0.725371601286759,0.232,1.732,offset,1000,0.28563066118459
SX110,introspection,0,4,34,face_13,object_09,non-target,object,right,object_05,1,1.04023765968554,0.466,1.466,offset,1000,0.372653145662853
SX110,introspection,0,4,35,face_13,object_09,irrelevant,false_font,left,false_font_14,1,1.14467868143349,0.466,1.466,offset,1000,0.859926037695521
SX110,introspection,0,4,36,face_13,object_09,non-target,object,right,object_16,0.5,1.56136953405413,0.466,0.966,offset,1000,0.426014183976571
SX110,introspection,0,4,37,face_13,object_09,non-target,face,center,face_18,0.5,1.77595568368708,0.232,0.232,onset,1100,0.74618417501597
SX110,introspection,0,4,38,face_13,object_09,non-target,object,center,object_05,1,1.04980921751718,0.466,0.466,onset,1100,0.360470125777469
SX110,introspection,0,4,39,face_13,object_09,irrelevant,false_font,right,false_font_07,0.5,1.19639902093618,0.466,0.466,onset,1100,1.03033275482495
SX110,introspection,0,4,40,face_13,object_09,irrelevant,false_font,right,false_font_02,0.5,1.24576530982793,0.232,0.732,offset,1100,0.44990408084973
SX110,introspection,0,5,1,letter_07,false_font_09,non-target,false_font,right,false_font_08,0.5,0.91913702205437,0.232,0.732,offset,1000,0.44317707709648
SX110,introspection,0,5,2,letter_07,false_font_09,non-target,letter,right,letter_09,0.5,1.7082494900974,0.466,0.466,onset,1100,0.398801823690026
SX110,introspection,0,5,3,letter_07,false_font_09,non-target,false_font,left,false_font_03,1.5,0.954321523011088,0.466,0.466,onset,1000,1.3231507830616
SX110,introspection,0,5,4,letter_07,false_font_09,non-target,letter,right,letter_14,1.5,1.63867132628492,0.466,0.466,onset,1100,0.441088147541244
SX110,introspection,0,5,5,letter_07,false_font_09,target,false_font,center,false_font_09,1,1.44637069803706,0.232,0.232,onset,1100,0.461700483050069
SX110,introspection,0,5,6,letter_07,false_font_09,non-target,letter,right,letter_12,1.5,1.52916216594452,0.232,1.732,offset,1100,0.87704878645259
SX110,introspection,0,5,7,letter_07,false_font_09,irrelevant,object,right,object_09,0.5,0.776230903634017,0,0.5,offset,1100,0.384881299399445
SX110,introspection,0,5,8,letter_07,false_font_09,irrelevant,face,left,face_11,1,0.821157477562643,0,1,offset,1000,0.833260500857608
SX110,introspection,0,5,9,letter_07,false_font_09,non-target,false_font,center,false_font_19,0.5,0.762448876303819,0.232,0.232,onset,1100,1.02993056878596
SX110,introspection,0,5,10,letter_07,false_font_09,irrelevant,face,left,face_13,1.5,0.73421722462955,0.466,0.466,onset,1000,0.911249514651683
SX110,introspection,0,5,11,letter_07,false_font_09,non-target,letter,right,letter_17,1,0.881310582748296,0.232,1.232,offset,1000,0.758024513168043
SX110,introspection,0,5,12,letter_07,false_font_09,irrelevant,object,left,object_06,1.5,1.09333512309653,0,1.5,offset,1100,0.307053872546349
SX110,introspection,0,5,13,letter_07,false_font_09,irrelevant,face,center,face_20,1,1.32120299263237,0.466,0.466,onset,1000,0.557542779666975
SX110,introspection,0,5,14,letter_07,false_font_09,irrelevant,face,left,face_14,1,0.860712380005666,0,1,offset,1100,0.752795611054402
SX110,introspection,0,5,15,letter_07,false_font_09,irrelevant,object,center,object_05,1.5,1.87133957914014,0,1.5,offset,1000,0.524871976157528
SX110,introspection,0,5,16,letter_07,false_font_09,non-target,letter,center,letter_02,0.5,0.761768887900433,0,0.5,offset,1100,1.0284312815296
SX110,introspection,0,5,17,letter_07,false_font_09,non-target,false_font,right,false_font_19,1.5,1.75430533448729,0.466,1.966,offset,1100,1.21609124063506
SX110,introspection,0,5,18,letter_07,false_font_09,irrelevant,face,center,face_09,1,0.753941792599177,0,0,onset,1000,0.804062870271859
SX110,introspection,0,5,19,letter_07,false_font_09,non-target,false_font,right,false_font_03,0.5,0.875266824915124,0.466,0.466,onset,1100,0.73047340815039
SX110,introspection,0,5,20,letter_07,false_font_09,irrelevant,object,center,object_18,1,1.21565232237374,0.466,0.466,onset,1000,0.696407352087162
SX110,introspection,0,6,21,letter_07,false_font_09,irrelevant,object,center,object_18,0.5,1.03103987359331,0.466,0.466,onset,1000,0.5840155390965
SX110,introspection,0,6,22,letter_07,false_font_09,non-target,false_font,left,false_font_04,0.5,1.4203522148648,0,0.5,offset,1100,0.479024104638009
SX110,introspection,0,6,23,letter_07,false_font_09,non-target,false_font,center,false_font_07,1.5,1.17435684051253,0.466,1.966,offset,1000,1.1317255462602
SX110,introspection,0,6,24,letter_07,false_font_09,irrelevant,object,center,object_09,0.5,1.78774565472908,0.232,0.232,onset,1100,0.422212740344429
SX110,introspection,0,6,25,letter_07,false_font_09,irrelevant,face,center,face_05,0.5,1.03177578178082,0.232,0.732,offset,1000,0.693623084980124
SX110,introspection,0,6,26,letter_07,false_font_09,non-target,letter,center,letter_04,0.5,1.27125615762533,0,0,onset,1100,0.394870435493017
SX110,introspection,0,6,27,letter_07,false_font_09,non-target,false_font,right,false_font_12,0.5,1.01878934584965,0.466,0.966,offset,1000,1.47235260527465
SX110,introspection,0,6,28,letter_07,false_font_09,irrelevant,object,left,object_10,1.5,0.757890753036399,0,1.5,offset,1000,0.946415528347621
SX110,introspection,0,6,29,letter_07,false_font_09,target,letter,center,letter_07,0.5,1.2178491575709,0,0.5,offset,1100,1.11236137231991
SX110,introspection,0,6,30,letter_07,false_font_09,irrelevant,object,center,object_14,1.5,0.859741755133479,0.232,1.732,offset,1100,0.936116240116115
SX110,introspection,0,6,31,letter_07,false_font_09,target,false_font,center,false_font_09,1,1.18262633880307,0.232,0.232,onset,1000,0.907981196431059
SX110,introspection,0,6,32,letter_07,false_font_09,non-target,letter,center,letter_01,1,0.996546303058225,0.232,1.232,offset,1100,0.831313948819892
SX110,introspection,0,6,33,letter_07,false_font_09,irrelevant,face,center,face_16,1,1.17904288789174,0.232,0.232,onset,1000,0.299243220804901
SX110,introspection,0,6,34,letter_07,false_font_09,non-target,false_font,center,false_font_02,0.5,1.23404325556436,0.232,0.732,offset,1100,0.509662555885689
SX110,introspection,0,6,35,letter_07,false_font_09,target,false_font,center,false_font_09,1.5,1.01597682084486,0,1.5,offset,1000,0.802568796753095
SX110,introspection,0,6,36,letter_07,false_font_09,non-target,letter,center,letter_01,0.5,1.94405990313674,0.466,0.466,onset,1100,0.746761355393595
SX110,introspection,0,6,37,letter_07,false_font_09,non-target,false_font,left,false_font_20,0.5,0.814442454602137,0.232,0.732,offset,1000,1.49365106633491
SX110,introspection,0,6,38,letter_07,false_font_09,irrelevant,face,right,face_04,1,1.59189692134157,0.232,0.232,onset,1100,1.44841057334507
SX110,introspection,0,6,39,letter_07,false_font_09,irrelevant,object,center,object_18,1.5,0.921818427896184,0.232,1.732,offset,1000,1.11774640300387
SX110,introspection,0,6,40,letter_07,false_font_09,irrelevant,face,right,face_08,0.5,1.49675439291324,0.466,0.966,offset,1100,1.3063653687801
SX110,introspection,0,7,1,letter_19,false_font_04,non-target,false_font,right,false_font_18,1.5,1.13059415344119,0.466,0.466,onset,1100,0.803342633635257
SX110,introspection,0,7,2,letter_19,false_font_04,irrelevant,face,center,face_18,1,0.732180479944739,0,0,onset,1000,1.32688136299715
SX110,introspection,0,7,3,letter_19,false_font_04,irrelevant,face,center,face_04,1,0.833504738306927,0.232,0.232,onset,1100,0.657050443947738
SX110,introspection,0,7,4,letter_19,false_font_04,non-target,letter,left,letter_15,1,0.729166582744897,0.466,1.466,offset,1000,1.36491759126067
SX110,introspection,0,7,5,letter_19,false_font_04,non-target,false_font,center,false_font_20,1.5,1.4302542576879,0,0,onset,1100,1.32727630048527
SX110,introspection,0,7,6,letter_19,false_font_04,irrelevant,object,left,object_11,1,0.786819822304247,0.232,1.232,offset,1000,0.97991641949951
SX110,introspection,0,7,7,letter_19,false_font_04,irrelevant,face,center,face_13,1,0.823513338908539,0,1,offset,1000,0.497991091690326
SX110,introspection,0,7,8,letter_19,false_font_04,target,false_font,center,false_font_04,1.5,0.878854258654228,0,1.5,offset,1100,0.607099238511112
SX110,introspection,0,7,9,letter_19,false_font_04,non-target,letter,left,letter_17,1.5,0.835637457601788,0,1.5,offset,1100,0.307121056096002
SX110,introspection,0,7,10,letter_19,false_font_04,non-target,false_font,right,false_font_13,1,1.05386111785329,0.232,1.232,offset,1100,0.950611143916609
SX110,introspection,0,7,11,letter_19,false_font_04,irrelevant,face,center,face_17,0.5,1.70662949808163,0.466,0.466,onset,1100,0.813328470277349
SX110,introspection,0,7,12,letter_19,false_font_04,non-target,letter,center,letter_09,0.5,1.68586417741018,0.232,0.732,offset,1100,0.945765096176745
SX110,introspection,0,7,13,letter_19,false_font_04,non-target,false_font,left,false_font_06,1.5,1.49497360357082,0,0,onset,1000,0.248316245510918
SX110,introspection,0,7,14,letter_19,false_font_04,non-target,letter,left,letter_07,1,0.997988579551176,0.466,0.466,onset,1000,0.212623969309733
SX110,introspection,0,7,15,letter_19,false_font_04,target,letter,right,letter_19,1,1.37932052536362,0,1,offset,1100,1.33164773959929
SX110,introspection,0,7,16,letter_19,false_font_04,target,false_font,left,false_font_04,1.5,1.47649581521637,0.466,1.966,offset,1000,0.694393600956997
SX110,introspection,0,7,17,letter_19,false_font_04,non-target,false_font,left,false_font_13,1.5,1.72282581254417,0.232,0.232,onset,1000,0.205155935504999
SX110,introspection,0,7,18,letter_19,false_font_04,irrelevant,face,center,face_14,1.5,1.53365552906604,0.466,0.466,onset,1000,0.769577992683683
SX110,introspection,0,7,19,letter_19,false_font_04,non-target,false_font,left,false_font_14,1.5,1.70492615219685,0.466,1.966,offset,1000,0.341467612413445
SX110,introspection,0,7,20,letter_19,false_font_04,irrelevant,object,right,object_11,0.5,0.789243555551281,0,0.5,offset,1000,0.291690184401501
SX110,introspection,0,8,21,letter_19,false_font_04,irrelevant,object,right,object_18,0.5,0.960279757141922,0.232,0.232,onset,1100,0.506962561821363
SX110,introspection,0,8,22,letter_19,false_font_04,non-target,letter,left,letter_02,0.5,1.48401636821749,0.232,0.732,offset,1000,1.36844508248245
SX110,introspection,0,8,23,letter_19,false_font_04,non-target,false_font,center,false_font_05,0.5,0.715935043508637,0,0,onset,1100,0.920451203312929
SX110,introspection,0,8,24,letter_19,false_font_04,non-target,letter,left,letter_06,0.5,0.762658501201998,0,0,onset,1000,0.591939167963919
SX110,introspection,0,8,25,letter_19,false_font_04,non-target,false_font,center,false_font_18,1.5,0.84775841598742,0,0,onset,1100,0.266389239054725
SX110,introspection,0,8,26,letter_19,false_font_04,irrelevant,face,center,face_03,0.5,1.25055929150366,0.232,0.232,onset,1000,1.27500180405369
SX110,introspection,0,8,27,letter_19,false_font_04,irrelevant,face,left,face_15,1.5,1.01249182133187,0.466,1.966,offset,1000,0.230826417827691
SX110,introspection,0,8,28,letter_19,false_font_04,irrelevant,face,center,face_14,0.5,1.33545195181402,0,0,onset,1100,0.352691062316031
SX110,introspection,0,8,29,letter_19,false_font_04,irrelevant,face,right,face_03,1.5,0.727833608868976,0.466,1.966,offset,1000,1.1814949682349
SX110,introspection,0,8,30,letter_19,false_font_04,irrelevant,face,left,face_03,1,1.18262774393503,0.232,0.232,onset,1000,0.56441791676509
SX110,introspection,0,8,31,letter_19,false_font_04,non-target,false_font,left,false_font_19,1.5,1.54109935815096,0.232,1.732,offset,1100,0.461706343494494
SX110,introspection,0,8,32,letter_19,false_font_04,irrelevant,object,right,object_19,1.5,1.97556651217549,0.232,1.732,offset,1000,0.24908493395513
SX110,introspection,0,8,33,letter_19,false_font_04,non-target,false_font,right,false_font_02,1,1.10344581829425,0.232,0.232,onset,1100,0.20660328034676
SX110,introspection,0,8,34,letter_19,false_font_04,irrelevant,face,right,face_03,0.5,0.700986509575659,0.232,0.232,onset,1100,0.249513666674304
SX110,introspection,0,8,35,letter_19,false_font_04,target,false_font,left,false_font_04,0.5,1.55176050332457,0.232,0.732,offset,1100,0.820938685700618
SX110,introspection,0,8,36,letter_19,false_font_04,irrelevant,object,center,object_13,1.5,0.957774857171177,0.466,0.466,onset,1000,0.316173722944107
SX110,introspection,0,8,37,letter_19,false_font_04,irrelevant,object,right,object_18,1,0.880007276786825,0.466,1.466,offset,1000,0.573883062346824
SX110,introspection,0,8,38,letter_19,false_font_04,irrelevant,face,center,face_16,0.5,1.98350475777983,0,0.5,offset,1000,0.62242085416978
SX110,introspection,0,8,39,letter_19,false_font_04,non-target,false_font,center,false_font_13,1.5,0.750113784169691,0.466,0.466,onset,1100,0.871295227150187
SX110,introspection,0,8,40,letter_19,false_font_04,non-target,false_font,center,false_font_20,0.5,0.724478152326439,0.466,0.966,offset,1000,0.39274845946421
SX110,introspection,0,9,1,letter_05,false_font_11,non-target,false_font,left,false_font_13,0.5,0.702503357388678,0.466,0.966,offset,1000,0.856033121418115
SX110,introspection,0,9,2,letter_05,false_font_11,irrelevant,face,center,face_13,0.5,0.903075721246448,0,0,onset,1000,0.503415381185303
SX110,introspection,0,9,3,letter_05,false_font_11,irrelevant,object,center,object_05,0.5,1.31563425102464,0,0.5,offset,1100,0.240249010420126
SX110,introspection,0,9,4,letter_05,false_font_11,irrelevant,face,left,face_09,1.5,0.884511114632865,0,1.5,offset,1100,0.53534126926064
SX110,introspection,0,9,5,letter_05,false_font_11,irrelevant,face,center,face_03,1,0.904284721080939,0.232,1.232,offset,1100,0.400581963570802
SX110,introspection,0,9,6,letter_05,false_font_11,non-target,letter,center,letter_20,1.5,1.64593976967841,0,1.5,offset,1000,1.2704838038023
SX110,introspection,0,9,7,letter_05,false_font_11,non-target,false_font,center,false_font_19,1.5,1.74115273204476,0,0,onset,1000,0.236337015652299
SX110,introspection,0,9,8,letter_05,false_font_11,irrelevant,face,center,face_07,0.5,1.60657994443883,0.466,0.966,offset,1100,0.218408867939938
SX110,introspection,0,9,9,letter_05,false_font_11,non-target,false_font,center,false_font_06,1,1.81261586377576,0.232,1.232,offset,1100,1.4773614683242
SX110,introspection,0,9,10,letter_05,false_font_11,non-target,false_font,left,false_font_20,1,0.825453602333333,0.466,0.466,onset,1000,1.17697857281162
SX110,introspection,0,9,11,letter_05,false_font_11,irrelevant,face,left,face_05,1.5,1.38495216944417,0.466,1.966,offset,1100,0.622684659288238
SX110,introspection,0,9,12,letter_05,false_font_11,irrelevant,object,right,object_01,1.5,1.21050149377989,0.232,0.232,onset,1100,0.933483174185355
SX110,introspection,0,9,13,letter_05,false_font_11,non-target,false_font,left,false_font_19,1,1.32582468058267,0.466,1.466,offset,1100,1.17924609669362
SX110,introspection,0,9,14,letter_05,false_font_11,non-target,letter,left,letter_13,1.5,1.57860959171861,0.466,0.466,onset,1000,0.357464192328949
SX110,introspection,0,9,15,letter_05,false_font_11,target,letter,right,letter_05,0.5,1.28288790031024,0.232,0.232,onset,1000,0.490710327174013
SX110,introspection,0,9,16,letter_05,false_font_11,irrelevant,face,center,face_09,1.5,0.818336189580409,0.232,1.732,offset,1100,0.34545608233735
SX110,introspection,0,9,17,letter_05,false_font_11,non-target,letter,center,letter_09,1,1.5261623545261,0.466,0.466,onset,1000,0.804058517436408
SX110,introspection,0,9,18,letter_05,false_font_11,irrelevant,face,center,face_07,1.5,1.72286562282475,0,1.5,offset,1100,0.762728465957742
SX110,introspection,0,9,19,letter_05,false_font_11,irrelevant,object,left,object_10,0.5,0.745766720545769,0.232,0.732,offset,1000,0.202068979971844
SX110,introspection,0,10,20,letter_05,false_font_11,non-target,false_font,right,false_font_17,1,0.808577152075483,0.466,1.466,offset,1100,0.534765948108987
SX110,introspection,0,10,21,letter_05,false_font_11,non-target,letter,center,letter_06,0.5,1.15109664643471,0,0,onset,1000,1.28659373294377
SX110,introspection,0,10,22,letter_05,false_font_11,non-target,letter,right,letter_07,1,0.92354345861109,0,1,offset,1100,0.524420613157968
SX110,introspection,0,10,23,letter_05,false_font_11,non-target,letter,right,letter_13,1.5,1.10343129716025,0,1.5,offset,1000,0.422141423510714
SX110,introspection,0,10,24,letter_05,false_font_11,irrelevant,face,center,face_02,0.5,0.978876024224315,0,0.5,offset,1100,0.514077939897697
SX110,introspection,0,10,25,letter_05,false_font_11,target,letter,right,letter_05,0.5,1.65859786784433,0.232,0.732,offset,1000,0.731675252581644
SX110,introspection,0,10,26,letter_05,false_font_11,irrelevant,face,left,face_09,0.5,0.75152589865426,0.232,0.232,onset,1000,1.31975949922842
SX110,introspection,0,10,27,letter_05,false_font_11,irrelevant,face,center,face_05,0.5,1.2655970592252,0.232,0.232,onset,1000,0.418706665374207
SX110,introspection,0,10,28,letter_05,false_font_11,non-target,false_font,center,false_font_15,1,0.811700285064492,0,0,onset,1100,0.975073837382052
SX110,introspection,0,10,29,letter_05,false_font_11,non-target,false_font,right,false_font_04,1.5,0.944882346010249,0.232,1.732,offset,1100,0.421530315464051
SX110,introspection,0,10,30,letter_05,false_font_11,target,false_font,right,false_font_11,1.5,1.61395180039327,0.466,0.466,onset,1100,0.357941581715414
SX110,introspection,0,10,31,letter_05,false_font_11,non-target,letter,center,letter_15,1,1.82008292907446,0,1,offset,1100,1.03566348368578
SX110,introspection,0,10,32,letter_05,false_font_11,irrelevant,face,left,face_19,1.5,1.72912740969576,0.232,0.232,onset,1000,0.516357031082627
SX110,introspection,0,10,33,letter_05,false_font_11,non-target,letter,right,letter_19,1,1.4826630486935,0.466,1.466,offset,1100,0.424743624276334
SX110,introspection,0,10,34,letter_05,false_font_11,irrelevant,object,center,object_19,0.5,1.84408575500672,0.232,0.232,onset,1000,1.47635206221819
SX110,introspection,0,10,35,letter_05,false_font_11,irrelevant,object,right,object_03,1,0.925570331323635,0.232,1.232,offset,1100,0.942596024596858
SX110,introspection,0,10,36,letter_05,false_font_11,non-target,letter,right,letter_03,0.5,0.795785921885245,0.232,0.732,offset,1100,0.570233484499329
SX110,introspection,0,10,37,letter_05,false_font_11,irrelevant,object,left,object_03,0.5,0.741328666343242,0.466,0.966,offset,1100,1.18496103675992
SX110,introspection,0,10,38,letter_05,false_font_11,irrelevant,face,right,face_07,0.5,1.82938333585273,0.466,0.466,onset,1100,0.783172309634057
SX110,introspection,0,10,39,letter_05,false_font_11,non-target,false_font,left,false_font_08,1.5,0.807052266538396,0,1.5,offset,1000,0.694182221187958
SX110,introspection,0,11,1,letter_03,false_font_02,non-target,letter,center,letter_18,1,1.98176370543957,0.232,0.232,onset,1100,0.737336962600897
SX110,introspection,0,11,2,letter_03,false_font_02,non-target,false_font,center,false_font_14,1.5,0.746257041490436,0.466,0.466,onset,1000,0.927846808530442
SX110,introspection,0,11,3,letter_03,false_font_02,irrelevant,object,center,object_03,0.5,1.51721531289552,0.232,0.232,onset,1000,0.973589037710925
SX110,introspection,0,11,4,letter_03,false_font_02,non-target,false_font,center,false_font_01,1,1.4271441496984,0.232,0.232,onset,1000,1.18986343719806
SX110,introspection,0,11,5,letter_03,false_font_02,irrelevant,object,center,object_06,1.5,0.871360153108756,0.232,0.232,onset,1100,0.285293345235227
SX110,introspection,0,11,6,letter_03,false_font_02,non-target,letter,center,letter_07,0.5,1.44320788276919,0.232,0.232,onset,1000,1.05633345829867
SX110,introspection,0,11,7,letter_03,false_font_02,non-target,letter,center,letter_17,1.5,0.787438952349671,0,0,onset,1000,0.35234831129518
SX110,introspection,0,11,8,letter_03,false_font_02,non-target,false_font,right,false_font_16,1,0.79123476211573,0.466,0.466,onset,1100,0.496487695188564
SX110,introspection,0,11,9,letter_03,false_font_02,non-target,false_font,right,false_font_20,0.5,1.7290157623984,0.232,0.232,onset,1100,1.14276657842514
SX110,introspection,0,11,10,letter_03,false_font_02,irrelevant,face,right,face_11,0.5,0.823386609349594,0.232,0.732,offset,1000,0.576669602092033
SX110,introspection,0,11,11,letter_03,false_font_02,irrelevant,object,right,object_03,1.5,0.990053634777026,0.232,1.732,offset,1100,1.18963296401682
SX110,introspection,0,11,12,letter_03,false_font_02,irrelevant,face,left,face_11,0.5,1.56109188146073,0.466,0.966,offset,1100,0.330622046083474
SX110,introspection,0,11,13,letter_03,false_font_02,irrelevant,face,left,face_15,1,1.21862612751733,0.232,1.232,offset,1100,0.454989263399087
SX110,introspection,0,11,14,letter_03,false_font_02,non-target,letter,left,letter_11,0.5,0.883622593889736,0,0.5,offset,1000,0.355204031710411
SX110,introspection,0,11,15,letter_03,false_font_02,non-target,false_font,left,false_font_19,0.5,1.44474199076004,0.232,0.232,onset,1000,0.873937673018542
SX110,introspection,0,11,16,letter_03,false_font_02,irrelevant,face,right,face_11,1.5,1.16976308131956,0,1.5,offset,1100,0.311865759965533
SX110,introspection,0,11,17,letter_03,false_font_02,target,false_font,left,false_font_02,1.5,1.40193978629161,0,1.5,offset,1000,0.620435376734208
SX110,introspection,0,11,18,letter_03,false_font_02,irrelevant,face,left,face_10,1,0.949605628702379,0.466,1.466,offset,1100,0.280295965590458
SX110,introspection,0,11,19,letter_03,false_font_02,irrelevant,object,right,object_06,0.5,0.815076980919506,0.466,0.966,offset,1100,1.33446664680327
SX110,introspection,0,11,20,letter_03,false_font_02,irrelevant,object,right,object_10,1.5,0.766627470776648,0,0,onset,1100,0.867983717189724
SX110,introspection,0,12,21,letter_03,false_font_02,non-target,false_font,right,false_font_06,1,0.72144671489386,0,1,offset,1000,0.385051985065616
SX110,introspection,0,12,22,letter_03,false_font_02,non-target,false_font,left,false_font_03,1,1.65809449766055,0.232,0.232,onset,1000,1.33201257658998
SX110,introspection,0,12,23,letter_03,false_font_02,irrelevant,face,center,face_04,1.5,1.3890492070467,0,0,onset,1000,1.4030284235622
SX110,introspection,0,12,24,letter_03,false_font_02,target,false_font,center,false_font_02,1.5,1.57166370489689,0,0,onset,1000,0.320781183128184
SX110,introspection,0,12,25,letter_03,false_font_02,target,letter,center,letter_03,1,1.71049636233786,0.232,1.232,offset,1000,0.340340269888831
SX110,introspection,0,12,26,letter_03,false_font_02,non-target,letter,center,letter_11,1,0.701258138026723,0.466,0.466,onset,1100,0.996614943313784
SX110,introspection,0,12,27,letter_03,false_font_02,irrelevant,object,center,object_15,1.5,0.994410712786301,0.232,0.232,onset,1100,1.28873382391844
SX110,introspection,0,12,28,letter_03,false_font_02,target,letter,center,letter_03,1.5,1.06741387588927,0.232,0.232,onset,1000,0.651545669143744
SX110,introspection,0,12,29,letter_03,false_font_02,target,letter,left,letter_03,1,1.72554516555815,0,0,onset,1100,0.403028777965554
SX110,introspection,0,12,30,letter_03,false_font_02,non-target,letter,center,letter_15,1.5,1.49420835592672,0.466,0.466,onset,1000,0.276687887046712
SX110,introspection,0,12,31,letter_03,false_font_02,irrelevant,face,center,face_13,0.5,1.0020673155008,0.232,0.232,onset,1100,1.20592209684044
SX110,introspection,0,12,32,letter_03,false_font_02,irrelevant,object,center,object_02,1,1.52926486124431,0.466,0.466,onset,1100,0.665225745993163
SX110,introspection,0,12,33,letter_03,false_font_02,irrelevant,object,center,object_10,1,1.50370695926726,0.466,1.466,offset,1000,0.920398386765624
SX110,introspection,0,12,34,letter_03,false_font_02,non-target,false_font,right,false_font_16,0.5,0.919856376821725,0,0.5,offset,1000,0.419688177009495
SX110,introspection,0,12,35,letter_03,false_font_02,non-target,letter,right,letter_09,1.5,0.706833447618614,0.232,0.232,onset,1100,0.301347422293873
SX110,introspection,0,12,36,letter_03,false_font_02,non-target,false_font,left,false_font_18,0.5,1.5603128372551,0.466,0.466,onset,1000,0.210009886095473
SX110,introspection,0,12,37,letter_03,false_font_02,non-target,false_font,right,false_font_01,0.5,1.64992534729803,0.232,0.732,offset,1100,1.21080993156712
SX110,introspection,0,12,38,letter_03,false_font_02,irrelevant,object,center,object_11,1,1.58874353407122,0.232,0.232,onset,1000,0.43464574753106
SX110,introspection,0,12,39,letter_03,false_font_02,non-target,false_font,center,false_font_14,1.5,1.42197663470765,0.466,0.466,onset,1000,1.20311419753812
SX110,introspection,0,12,40,letter_03,false_font_02,irrelevant,face,left,face_17,1,0.747244888743007,0.232,1.232,offset,1000,0.501172650447436
SX110,introspection,0,12,41,letter_03,false_font_02,irrelevant,face,center,face_03,1.5,1.42074633437981,0.232,0.232,onset,1000,1.03293145039131
SX110,introspection,0,13,1,face_03,object_11,irrelevant,letter,left,letter_08,1.5,0.79244209154691,0,1.5,offset,1000,1.06447757458176
SX110,introspection,0,13,2,face_03,object_11,irrelevant,false_font,center,false_font_08,0.5,1.26684565093143,0,0,onset,1000,0.905463633138577
SX110,introspection,0,13,3,face_03,object_11,irrelevant,letter,left,letter_03,0.5,1.07157002724442,0.232,0.232,onset,1000,0.82537027641405
SX110,introspection,0,13,4,face_03,object_11,non-target,object,center,object_09,1,0.73269702959181,0,0,onset,1000,1.04888756417468
SX110,introspection,0,13,5,face_03,object_11,non-target,face,right,face_20,0.5,1.40902578903947,0.466,0.466,onset,1100,0.27336770916513
SX110,introspection,0,13,6,face_03,object_11,irrelevant,letter,right,letter_03,1,1.50794408240601,0.232,1.232,offset,1100,0.459584897008273
SX110,introspection,0,13,7,face_03,object_11,target,face,center,face_03,1,1.58339317595695,0,1,offset,1100,0.80436213622824
SX110,introspection,0,13,8,face_03,object_11,target,object,left,object_11,1,1.90974503643352,0.232,1.232,offset,1000,0.276087891782755
SX110,introspection,0,13,9,face_03,object_11,irrelevant,letter,center,letter_14,1.5,0.864252754503391,0,0,onset,1000,0.697069490943926
SX110,introspection,0,13,10,face_03,object_11,non-target,object,center,object_17,1,0.85705096558507,0.232,0.232,onset,1100,0.266213505735388
SX110,introspection,0,13,11,face_03,object_11,non-target,object,right,object_19,1.5,1.75027817368774,0.232,1.732,offset,1100,1.20361117183896
SX110,introspection,0,13,12,face_03,object_11,target,object,left,object_11,0.5,0.890605221133914,0.466,0.466,onset,1100,0.742687817054323
SX110,introspection,0,13,13,face_03,object_11,non-target,face,left,face_15,1.5,1.57376704977727,0,1.5,offset,1100,0.985171383446217
SX110,introspection,0,13,14,face_03,object_11,non-target,object,center,object_18,1,1.00000819733124,0.466,0.466,onset,1000,0.490804106989567
SX110,introspection,0,13,15,face_03,object_11,irrelevant,false_font,left,false_font_11,1.5,1.12159222956313,0.232,0.232,onset,1000,0.905016196489792
SX110,introspection,0,13,16,face_03,object_11,non-target,object,right,object_01,1,1.59656782053311,0.466,0.466,onset,1100,0.253070150464228
SX110,introspection,0,13,17,face_03,object_11,irrelevant,letter,left,letter_04,1,1.41666401385961,0.466,1.466,offset,1100,1.03529721290805
SX110,introspection,0,13,18,face_03,object_11,irrelevant,letter,center,letter_20,0.5,0.858462387147809,0,0.5,offset,1000,0.259898077292396
SX110,introspection,0,13,19,face_03,object_11,non-target,object,center,object_13,1.5,1.88695090689087,0.232,1.732,offset,1000,1.45394315601504
SX110,introspection,0,13,20,face_03,object_11,irrelevant,letter,right,letter_07,1,0.708159001246858,0,0,onset,1100,0.330557982857485
SX110,introspection,0,14,21,face_03,object_11,irrelevant,letter,center,letter_04,0.5,1.2375258137076,0,0,onset,1000,0.990526260075613
SX110,introspection,0,14,22,face_03,object_11,non-target,object,left,object_13,0.5,0.734377864333682,0.466,0.966,offset,1100,1.25176006426425
SX110,introspection,0,14,23,face_03,object_11,non-target,object,right,object_02,0.5,0.924887035157491,0,0.5,offset,1000,0.864107974571551
SX110,introspection,0,14,24,face_03,object_11,non-target,object,center,object_08,1.5,1.3699849600023,0,1.5,offset,1100,0.59476527457428
SX110,introspection,0,14,25,face_03,object_11,irrelevant,letter,center,letter_12,1.5,1.06495473556385,0,1.5,offset,1000,1.14917959866768
SX110,introspection,0,14,26,face_03,object_11,irrelevant,false_font,left,false_font_13,1.5,1.90970929746689,0.466,1.966,offset,1000,1.12690526318871
SX110,introspection,0,14,27,face_03,object_11,non-target,face,center,face_12,0.5,0.915222293975597,0.466,0.966,offset,1100,0.55537543831708
SX110,introspection,0,14,28,face_03,object_11,irrelevant,false_font,center,false_font_06,1.5,0.898321430391273,0.232,1.732,offset,1100,1.061686443417
SX110,introspection,0,14,29,face_03,object_11,irrelevant,letter,left,letter_04,1.5,0.712617044961999,0.232,0.232,onset,1000,1.47270635388955
SX110,introspection,0,14,30,face_03,object_11,irrelevant,letter,center,letter_10,0.5,1.30929166603859,0.466,0.466,onset,1000,0.388074269793097
SX110,introspection,0,14,31,face_03,object_11,irrelevant,false_font,center,false_font_04,1.5,1.1320082337784,0.232,0.232,onset,1100,0.679618223392906
SX110,introspection,0,14,32,face_03,object_11,non-target,object,right,object_17,1,1.11844228712228,0,0,onset,1100,0.993932327040948
SX110,introspection,0,14,33,face_03,object_11,non-target,face,center,face_16,1.5,1.84537478428723,0.232,0.232,onset,1100,0.432017125707161
SX110,introspection,0,14,34,face_03,object_11,non-target,face,center,face_19,1.5,1.06013502848566,0,1.5,offset,1100,0.71384525225715
SX110,introspection,0,14,35,face_03,object_11,non-target,face,center,face_08,0.5,1.06378212119021,0.232,0.732,offset,1100,0.212612745210799
SX110,introspection,0,14,36,face_03,object_11,non-target,face,right,face_17,1,1.00703687156424,0.232,0.232,onset,1100,1.37840001865715
SX110,introspection,0,14,37,face_03,object_11,target,face,right,face_03,0.5,0.893053705463667,0.466,0.466,onset,1100,0.511506410459681
SX110,introspection,0,14,38,face_03,object_11,irrelevant,false_font,center,false_font_04,1.5,1.82613221327407,0.466,0.466,onset,1000,0.729485112385645
SX110,introspection,0,14,39,face_03,object_11,non-target,object,center,object_13,1,0.861885535140934,0.466,0.466,onset,1100,1.48694263155149
SX110,introspection,0,14,40,face_03,object_11,irrelevant,false_font,left,false_font_09,1.5,1.56322051911271,0.232,1.732,offset,1000,0.828516256100188
SX110,introspection,0,15,1,face_19,object_13,target,object,center,object_13,0.5,1.44645916936316,0.232,0.732,offset,1100,0.881106705775323
SX110,introspection,0,15,2,face_19,object_13,non-target,face,left,face_12,1,0.852072099199781,0,1,offset,1100,1.15969455742609
SX110,introspection,0,15,3,face_19,object_13,non-target,face,center,face_18,1.5,1.64146747623972,0,0,onset,1100,1.43627774998983
SX110,introspection,0,15,4,face_19,object_13,non-target,face,center,face_05,1,0.721447401270944,0,0,onset,1100,0.702296344709074
SX110,introspection,0,15,5,face_19,object_13,irrelevant,letter,center,letter_14,1.5,0.71732730434605,0.466,0.466,onset,1100,0.602757567779686
SX110,introspection,0,15,6,face_19,object_13,non-target,face,left,face_13,1,1.2149791211247,0.232,1.232,offset,1000,0.351089026302263
SX110,introspection,0,15,7,face_19,object_13,non-target,face,right,face_03,1.5,0.818443405666468,0.466,1.966,offset,1100,0.876038219510683
SX110,introspection,0,15,8,face_19,object_13,non-target,face,right,face_10,1,1.01859608322487,0.466,0.466,onset,1100,0.422512605191625
SX110,introspection,0,15,9,face_19,object_13,non-target,face,left,face_09,1,1.54542334913592,0,1,offset,1000,0.711448684490231
SX110,introspection,0,15,10,face_19,object_13,irrelevant,letter,right,letter_18,0.5,1.52327244868844,0.466,0.966,offset,1000,0.276130580607858
SX110,introspection,0,15,11,face_19,object_13,irrelevant,false_font,left,false_font_03,0.5,1.85647544446411,0,0,onset,1000,1.14403207652047
SX110,introspection,0,15,12,face_19,object_13,non-target,object,right,object_10,1.5,1.15724185939159,0,0,onset,1100,0.945293350291969
SX110,introspection,0,15,13,face_19,object_13,non-target,object,left,object_20,1,1.51387682232211,0.232,0.232,onset,1000,0.214700533932856
SX110,introspection,0,15,14,face_19,object_13,irrelevant,letter,left,letter_04,0.5,1.30532117686704,0.232,0.732,offset,1100,0.256894445522713
SX110,introspection,0,15,15,face_19,object_13,irrelevant,false_font,center,false_font_16,1,0.934817989221214,0,0,onset,1000,0.582673365171221
SX110,introspection,0,15,16,face_19,object_13,non-target,face,left,face_17,0.5,1.13215028334603,0,0.5,offset,1100,0.9759371060923
SX110,introspection,0,15,17,face_19,object_13,target,face,center,face_19,0.5,1.05179328994252,0.466,0.966,offset,1100,0.915206676636845
SX110,introspection,0,15,18,face_19,object_13,irrelevant,false_font,right,false_font_13,1,0.963897105863091,0.232,1.232,offset,1100,0.390041195910557
SX110,introspection,0,15,19,face_19,object_13,non-target,face,center,face_02,1.5,1.10466873856946,0.466,0.466,onset,1000,0.669808133274981
SX110,introspection,0,15,20,face_19,object_13,target,object,center,object_13,1.5,1.99381407948185,0,0,onset,1100,0.995562512820552
SX110,introspection,0,16,21,face_19,object_13,irrelevant,false_font,right,false_font_16,1.5,0.74327542782339,0.466,1.966,offset,1100,0.244754367507557
SX110,introspection,0,16,22,face_19,object_13,irrelevant,false_font,left,false_font_17,1,1.19755359492193,0.466,0.466,onset,1000,0.222026889091931
SX110,introspection,0,16,23,face_19,object_13,irrelevant,letter,right,letter_14,1.5,1.7963655790224,0.232,1.732,offset,1100,1.25390096618339
SX110,introspection,0,16,24,face_19,object_13,non-target,object,center,object_09,0.5,1.60549885033174,0,0,onset,1100,1.10278450830444
SX110,introspection,0,16,25,face_19,object_13,irrelevant,letter,center,letter_07,1.5,1.32345263771061,0.466,0.466,onset,1100,0.326133240905568
SX110,introspection,0,16,26,face_19,object_13,irrelevant,letter,left,letter_14,0.5,1.66441044694862,0.466,0.966,offset,1000,1.01540792204026
SX110,introspection,0,16,27,face_19,object_13,target,object,right,object_13,1.5,1.75244665817099,0.466,0.466,onset,1100,0.592742264574394
SX110,introspection,0,16,28,face_19,object_13,irrelevant,letter,right,letter_11,1,1.11508222994356,0.232,0.232,onset,1100,1.37116113387575
SX110,introspection,0,16,29,face_19,object_13,irrelevant,false_font,left,false_font_20,1.5,1.38246082941008,0.232,1.732,offset,1100,0.637527292148596
SX110,introspection,0,16,30,face_19,object_13,non-target,face,left,face_12,1.5,1.47043275840746,0.466,1.966,offset,1100,0.894937392056083
SX110,introspection,0,16,31,face_19,object_13,non-target,object,center,object_18,1.5,0.744967668088276,0.466,0.466,onset,1000,0.528186157468798
SX110,introspection,0,16,32,face_19,object_13,irrelevant,letter,center,letter_07,1,1.42467420056259,0.232,0.232,onset,1000,0.528308243859925
SX110,introspection,0,16,33,face_19,object_13,non-target,object,center,object_10,1,1.20326824434429,0,1,offset,1000,1.17193728956242
SX110,introspection,0,16,34,face_19,object_13,irrelevant,letter,right,letter_13,1.5,1.75250238965358,0,1.5,offset,1000,0.433044220823881
SX110,introspection,0,16,35,face_19,object_13,non-target,face,right,face_06,1.5,0.885340253922137,0.232,0.232,onset,1100,0.32718651413713
SX110,introspection,0,16,36,face_19,object_13,non-target,face,center,face_14,0.5,0.719837584441378,0,0,onset,1000,0.781426944798587
SX110,introspection,0,16,37,face_19,object_13,non-target,face,left,face_06,1.5,0.830655290534727,0,0,onset,1000,0.861907440726139
SX110,introspection,0,16,38,face_19,object_13,irrelevant,letter,center,letter_08,0.5,1.13928024108837,0.232,0.232,onset,1100,0.322118661602547
SX110,introspection,0,16,39,face_19,object_13,irrelevant,letter,left,letter_19,1.5,1.68569134078849,0.466,0.466,onset,1000,0.279447811249544
SX110,introspection,0,16,40,face_19,object_13,irrelevant,false_font,left,false_font_09,0.5,1.75898047070536,0,0.5,offset,1000,0.561772793591749
SX110,introspection,0,17,1,face_02,object_15,non-target,object,center,object_13,0.5,0.702225980835528,0,0.5,offset,1000,1.18368862841904
SX110,introspection,0,17,2,face_02,object_15,non-target,object,center,object_16,0.5,0.719083919885103,0.466,0.466,onset,1100,0.566166208393084
SX110,introspection,0,17,3,face_02,object_15,irrelevant,false_font,center,false_font_14,1,1.03634873490939,0.466,0.466,onset,1000,0.41799869668605
SX110,introspection,0,17,4,face_02,object_15,irrelevant,letter,center,letter_02,0.5,0.974613918344065,0,0,onset,1100,0.621369150188662
SX110,introspection,0,17,5,face_02,object_15,irrelevant,letter,left,letter_15,0.5,1.31715997750234,0.466,0.966,offset,1100,1.00436036439963
SX110,introspection,0,17,6,face_02,object_15,non-target,face,right,face_04,1,0.849349274598433,0,1,offset,1100,0.638285145384546
SX110,introspection,0,17,7,face_02,object_15,non-target,object,center,object_07,1.5,0.941866272136023,0.232,1.732,offset,1100,0.590811695035612
SX110,introspection,0,17,8,face_02,object_15,non-target,object,center,object_09,1,1.53474704318712,0,0,onset,1100,1.29193227074555
SX110,introspection,0,17,9,face_02,object_15,irrelevant,letter,right,letter_12,1.5,1.95738925105958,0,0,onset,1100,0.294452187053155
SX110,introspection,0,17,10,face_02,object_15,irrelevant,false_font,left,false_font_02,1,1.18592911510468,0,0,onset,1000,0.497054718392009
SX110,introspection,0,17,11,face_02,object_15,irrelevant,false_font,right,false_font_19,1.5,1.67833280535953,0.232,1.732,offset,1100,0.682114742855053
SX110,introspection,0,17,12,face_02,object_15,non-target,object,left,object_14,0.5,0.907894508972937,0,0.5,offset,1100,0.445557019710199
SX110,introspection,0,17,13,face_02,object_15,target,face,right,face_02,1.5,1.18653125950592,0.466,1.966,offset,1000,0.527645409617436
SX110,introspection,0,17,14,face_02,object_15,irrelevant,false_font,center,false_font_18,0.5,0.776467246919664,0.232,0.232,onset,1000,1.17555272144068
SX110,introspection,0,17,15,face_02,object_15,irrelevant,letter,right,letter_06,1,1.06813467283912,0.232,1.232,offset,1000,0.830215003922424
SX110,introspection,0,17,16,face_02,object_15,non-target,object,center,object_04,1.5,0.811345082584454,0.466,0.466,onset,1100,0.831528201068596
SX110,introspection,0,17,17,face_02,object_15,irrelevant,false_font,right,false_font_01,1.5,1.0443042714764,0.466,0.466,onset,1100,1.28661292895433
SX110,introspection,0,17,18,face_02,object_15,irrelevant,letter,left,letter_03,1.5,1.65800284127551,0.466,1.966,offset,1100,0.212624828380203
SX110,introspection,0,17,19,face_02,object_15,irrelevant,letter,center,letter_20,1,0.776436088834054,0.466,0.466,onset,1100,0.51566689749629
SX110,introspection,0,18,20,face_02,object_15,irrelevant,letter,right,letter_04,1,1.42357693534601,0.466,1.466,offset,1100,0.203982081214112
SX110,introspection,0,18,21,face_02,object_15,non-target,object,right,object_17,1.5,1.23827463691948,0.466,1.966,offset,1100,1.16463130910461
SX110,introspection,0,18,22,face_02,object_15,non-target,face,center,face_08,1.5,1.34404864352539,0.466,1.966,offset,1000,0.953772015765565
SX110,introspection,0,18,23,face_02,object_15,non-target,face,center,face_10,0.5,1.58241737785952,0,0,onset,1100,0.880803491654385
SX110,introspection,0,18,24,face_02,object_15,non-target,face,center,face_05,1,0.954662419242241,0.232,0.232,onset,1100,0.308489665450031
SX110,introspection,0,18,25,face_02,object_15,target,object,center,object_15,1.5,0.789544069002296,0,0,onset,1100,1.02255664503789
SX110,introspection,0,18,26,face_02,object_15,irrelevant,letter,center,letter_08,1,0.772480708226332,0,0,onset,1100,0.785831363817682
SX110,introspection,0,18,27,face_02,object_15,irrelevant,letter,right,letter_09,0.5,1.83736394783646,0,0,onset,1100,0.549296698903869
SX110,introspection,0,18,28,face_02,object_15,non-target,face,center,face_09,1,1.2380706024906,0.232,1.232,offset,1000,1.40600932173742
SX110,introspection,0,18,29,face_02,object_15,irrelevant,false_font,center,false_font_17,1.5,1.64514986010067,0.466,0.466,onset,1000,0.654623448756312
SX110,introspection,0,18,30,face_02,object_15,non-target,object,center,object_02,1.5,1.27922647608957,0,0,onset,1100,0.249391871181649
SX110,introspection,0,18,31,face_02,object_15,non-target,object,left,object_20,0.5,1.02354909786057,0.466,0.466,onset,1000,0.309240368040392
SX110,introspection,0,18,32,face_02,object_15,non-target,face,left,face_13,1.5,1.76416678121213,0.232,1.732,offset,1000,0.649861465383877
SX110,introspection,0,18,33,face_02,object_15,non-target,object,center,object_17,0.5,1.10399265633002,0.232,0.232,onset,1000,0.476839483994209
SX110,introspection,0,18,34,face_02,object_15,irrelevant,letter,left,letter_14,1.5,1.28751561288006,0.232,1.732,offset,1000,0.820031029447898
SX110,introspection,0,18,35,face_02,object_15,irrelevant,false_font,center,false_font_08,0.5,1.7996234992392,0.232,0.232,onset,1100,0.312981760895977
SX110,introspection,0,18,36,face_02,object_15,non-target,face,left,face_19,0.5,1.52146868755355,0.466,0.966,offset,1000,0.973361743499439
SX110,introspection,0,18,37,face_02,object_15,irrelevant,letter,right,letter_17,1.5,1.32148237479444,0.466,1.966,offset,1100,1.35652503679475
SX110,introspection,0,18,38,face_02,object_15,target,object,left,object_15,0.5,0.856874616016589,0.466,0.966,offset,1100,0.249995077383236
SX110,introspection,0,18,39,face_02,object_15,non-target,object,center,object_20,1.5,1.50075690798364,0,0,onset,1000,0.455132463137797
SX110,introspection,0,19,1,face_18,object_04,irrelevant,letter,right,letter_14,1,0.707138075298019,0,1,offset,1100,0.954855071309163
SX110,introspection,0,19,2,face_18,object_04,target,object,right,object_04,0.5,1.56292858552212,0,0,onset,1000,0.455015350312608
SX110,introspection,0,19,3,face_18,object_04,non-target,object,center,object_01,1,1.43033120512799,0.232,1.232,offset,1000,0.676126006913085
SX110,introspection,0,19,4,face_18,object_04,non-target,object,right,object_20,1,1.25820304667358,0.466,1.466,offset,1100,0.582839987551496
SX110,introspection,0,19,5,face_18,object_04,non-target,face,center,face_10,0.5,1.08674040640294,0,0.5,offset,1000,0.241534108383869
SX110,introspection,0,19,6,face_18,object_04,non-target,face,center,face_06,1.5,0.70267698670715,0.232,0.232,onset,1100,0.443333247959294
SX110,introspection,0,19,7,face_18,object_04,irrelevant,letter,center,letter_08,1,1.47333786515449,0,1,offset,1000,0.944986552797157
SX110,introspection,0,19,8,face_18,object_04,target,face,right,face_18,1,1.00077127328211,0.466,1.466,offset,1000,0.469369734598465
SX110,introspection,0,19,9,face_18,object_04,non-target,object,center,object_11,0.5,1.51085787486991,0.466,0.466,onset,1000,1.37103290839488
SX110,introspection,0,19,10,face_18,object_04,target,object,center,object_04,1.5,1.33002959805553,0,0,onset,1100,0.820030886117321
SX110,introspection,0,19,11,face_18,object_04,irrelevant,false_font,center,false_font_05,1,1.4011048397253,0,1,offset,1000,0.991951057921165
SX110,introspection,0,19,12,face_18,object_04,non-target,object,right,object_15,0.5,1.43886536188557,0.232,0.732,offset,1100,1.34644287931501
SX110,introspection,0,19,13,face_18,object_04,irrelevant,false_font,right,false_font_19,0.5,1.51198560585672,0,0,onset,1100,0.801656604694285
SX110,introspection,0,19,14,face_18,object_04,irrelevant,false_font,center,false_font_06,0.5,0.834957790163461,0.466,0.966,offset,1100,1.19394996388372
SX110,introspection,0,19,15,face_18,object_04,non-target,face,left,face_12,0.5,1.64796986570141,0.232,0.732,offset,1000,0.536641663681947
SX110,introspection,0,19,16,face_18,object_04,non-target,object,left,object_10,0.5,1.09427202653582,0.232,0.232,onset,1000,1.19335484841068
SX110,introspection,0,19,17,face_18,object_04,irrelevant,letter,left,letter_18,1,0.851820765686712,0,0,onset,1000,0.227052199724739
SX110,introspection,0,19,18,face_18,object_04,non-target,face,right,face_06,0.5,0.728382819762292,0.466,0.966,offset,1100,0.870202858355929
SX110,introspection,0,19,19,face_18,object_04,irrelevant,letter,left,letter_15,1.5,1.72882229646075,0,0,onset,1000,1.08392322424672
SX110,introspection,0,19,20,face_18,object_04,non-target,object,center,object_11,0.5,1.96515472584702,0.466,0.466,onset,1000,0.284582266457875
SX110,introspection,0,19,21,face_18,object_04,irrelevant,false_font,center,false_font_09,1,1.86924339128715,0.466,1.466,offset,1100,1.03004752133471
SX110,introspection,0,20,22,face_18,object_04,non-target,face,center,face_01,1,1.44967068717018,0.232,0.232,onset,1100,0.870096570237181
SX110,introspection,0,20,23,face_18,object_04,irrelevant,false_font,center,false_font_01,0.5,0.73710052173784,0.466,0.466,onset,1100,0.271883024161462
SX110,introspection,0,20,24,face_18,object_04,irrelevant,false_font,left,false_font_10,1.5,1.12582327722951,0,1.5,offset,1100,0.241013396086708
SX110,introspection,0,20,25,face_18,object_04,irrelevant,letter,center,letter_01,1,0.864849799528932,0,0,onset,1100,1.28619310711605
SX110,introspection,0,20,26,face_18,object_04,target,object,center,object_04,0.5,1.80364754159071,0,0.5,offset,1100,0.374441633163313
SX110,introspection,0,20,27,face_18,object_04,irrelevant,false_font,center,false_font_16,1,0.757351509635786,0.232,0.232,onset,1000,1.4097933816775
SX110,introspection,0,20,28,face_18,object_04,non-target,face,center,face_19,1,1.81607164286651,0.466,0.466,onset,1100,0.46113565752462
SX110,introspection,0,20,29,face_18,object_04,irrelevant,letter,right,letter_04,0.5,1.50853616936806,0.232,0.732,offset,1000,0.765455238881315
SX110,introspection,0,20,30,face_18,object_04,non-target,face,left,face_07,1,1.45619524314639,0.232,1.232,offset,1100,0.956278337054296
SX110,introspection,0,20,31,face_18,object_04,irrelevant,false_font,right,false_font_07,1,1.06526215738562,0.232,0.232,onset,1100,0.862394889326928
SX110,introspection,0,20,32,face_18,object_04,target,face,left,face_18,1,1.34223161328879,0.232,0.232,onset,1100,0.39988784771408
SX110,introspection,0,20,33,face_18,object_04,irrelevant,false_font,center,false_font_02,0.5,1.18881919998351,0,0.5,offset,1100,0.670461068143899
SX110,introspection,0,20,34,face_18,object_04,irrelevant,false_font,center,false_font_13,1,1.05526946968348,0.232,0.232,onset,1000,0.208696708438249
SX110,introspection,0,20,35,face_18,object_04,irrelevant,false_font,right,false_font_12,1.5,1.34043312717078,0,1.5,offset,1000,0.417240599627484
SX110,introspection,0,20,36,face_18,object_04,target,face,right,face_18,0.5,1.42792308500024,0,0.5,offset,1100,1.06036354538907
SX110,introspection,0,20,37,face_18,object_04,non-target,face,center,face_04,1.5,1.72690477002273,0,1.5,offset,1000,1.2490823755223
SX110,introspection,0,20,38,face_18,object_04,non-target,object,left,object_12,1.5,1.32032910055848,0,0,onset,1000,0.230801989077677
SX110,introspection,0,20,39,face_18,object_04,irrelevant,false_font,center,false_font_20,1,0.821116159713637,0.466,0.466,onset,1100,0.582230832136493
SX110,introspection,0,20,40,face_18,object_04,non-target,face,center,face_11,0.5,0.810278136781135,0.466,0.966,offset,1000,1.11658821109006
SX110,introspection,0,20,41,face_18,object_04,non-target,face,left,face_05,1.5,1.68231952917068,0.466,1.966,offset,1000,0.951605896003874
SX110,introspection,0,20,42,face_18,object_04,non-target,face,center,face_20,1,1.07142651446906,0,1,offset,1100,1.13647892950156
SX110,introspection,0,21,1,letter_20,false_font_15,irrelevant,object,center,object_02,1.5,1.46023590992173,0,0,onset,1000,0.607219682601418
SX110,introspection,0,21,2,letter_20,false_font_15,irrelevant,face,left,face_16,0.5,1.14110561851616,0.232,0.732,offset,1100,0.622127875792571
SX110,introspection,0,21,3,letter_20,false_font_15,irrelevant,object,center,object_06,1.5,1.15939276885421,0.232,0.232,onset,1000,0.579364720578839
SX110,introspection,0,21,4,letter_20,false_font_15,irrelevant,face,right,face_08,1,1.17292993806377,0.466,0.466,onset,1100,0.596757904483944
SX110,introspection,0,21,5,letter_20,false_font_15,non-target,letter,center,letter_11,0.5,1.88805067183819,0.466,0.966,offset,1000,0.285992611080577
SX110,introspection,0,21,6,letter_20,false_font_15,irrelevant,face,left,face_07,0.5,1.72666992297682,0,0,onset,1000,0.527581708642871
SX110,introspection,0,21,7,letter_20,false_font_15,irrelevant,face,left,face_02,0.5,1.82822653824497,0.466,0.466,onset,1000,0.546035201306522
SX110,introspection,0,21,8,letter_20,false_font_15,irrelevant,face,center,face_02,0.5,1.45054596690657,0,0,onset,1000,0.646958978937124
SX110,introspection,0,21,9,letter_20,false_font_15,non-target,letter,right,letter_14,0.5,1.38335416861154,0,0,onset,1100,0.765142513931507
SX110,introspection,0,21,10,letter_20,false_font_15,non-target,letter,center,letter_02,1,1.72924043913448,0.232,0.232,onset,1000,0.313153707376749
SX110,introspection,0,21,11,letter_20,false_font_15,non-target,false_font,right,false_font_20,1.5,1.79528271491272,0,1.5,offset,1000,0.402496485267064
SX110,introspection,0,21,12,letter_20,false_font_15,irrelevant,face,center,face_11,1,1.10400358374704,0.466,1.466,offset,1100,0.977965284189891
SX110,introspection,0,21,13,letter_20,false_font_15,irrelevant,face,center,face_18,1.5,1.04623371259604,0,0,onset,1000,1.20466818641505
SX110,introspection,0,21,14,letter_20,false_font_15,target,letter,right,letter_20,1,0.785787080208928,0.466,1.466,offset,1000,0.78812170442787
SX110,introspection,0,21,15,letter_20,false_font_15,irrelevant,face,center,face_19,0.5,0.845619361808594,0.466,0.966,offset,1000,0.266594981615205
SX110,introspection,0,21,16,letter_20,false_font_15,non-target,letter,right,letter_04,1,1.45164619736824,0.232,0.232,onset,1100,1.08922646088641
SX110,introspection,0,21,17,letter_20,false_font_15,non-target,false_font,right,false_font_03,1,0.817348398378075,0,1,offset,1100,0.212679746935605
SX110,introspection,0,21,18,letter_20,false_font_15,non-target,false_font,right,false_font_04,0.5,0.729632957610272,0.466,0.966,offset,1100,0.452527731332341
SX110,introspection,0,21,19,letter_20,false_font_15,irrelevant,face,center,face_09,1.5,1.78112048679613,0.466,1.966,offset,1000,0.508699796858507
SX110,introspection,0,21,20,letter_20,false_font_15,irrelevant,object,center,object_02,0.5,1.53278027288035,0.466,0.466,onset,1000,0.846239780705927
SX110,introspection,0,22,21,letter_20,false_font_15,irrelevant,object,center,object_11,1.5,1.19934762930321,0.466,0.466,onset,1000,0.354717434394439
SX110,introspection,0,22,22,letter_20,false_font_15,target,false_font,center,false_font_15,0.5,0.999048409902928,0.232,0.232,onset,1100,0.224464530939908
SX110,introspection,0,22,23,letter_20,false_font_15,non-target,false_font,left,false_font_01,1,1.36863119665285,0,1,offset,1000,0.633960629385999
SX110,introspection,0,22,24,letter_20,false_font_15,non-target,letter,right,letter_13,1,1.00230492222516,0.232,1.232,offset,1100,0.280538578517716
SX110,introspection,0,22,25,letter_20,false_font_15,target,letter,center,letter_20,1.5,0.825237308084942,0.466,0.466,onset,1100,1.08431670507994
SX110,introspection,0,22,26,letter_20,false_font_15,non-target,letter,center,letter_16,0.5,0.722796501936354,0,0,onset,1100,0.4173026845487
SX110,introspection,0,22,27,letter_20,false_font_15,non-target,letter,left,letter_16,1,1.77158461776899,0.232,0.232,onset,1000,1.43267340852954
SX110,introspection,0,22,28,letter_20,false_font_15,irrelevant,face,center,face_05,1.5,1.35725809716012,0.232,0.232,onset,1000,0.229439747315467
SX110,introspection,0,22,29,letter_20,false_font_15,non-target,false_font,center,false_font_02,1,0.887670811496671,0,0,onset,1000,0.882096420401479
SX110,introspection,0,22,30,letter_20,false_font_15,irrelevant,object,center,object_03,0.5,0.708623692882219,0,0,onset,1100,0.696232921518581
SX110,introspection,0,22,31,letter_20,false_font_15,non-target,false_font,center,false_font_20,0.5,1.23065786286649,0.466,0.466,onset,1100,0.46681892619724
SX110,introspection,0,22,32,letter_20,false_font_15,non-target,false_font,center,false_font_09,1,0.747305367080492,0.466,0.466,onset,1000,0.247480895714301
SX110,introspection,0,22,33,letter_20,false_font_15,non-target,letter,center,letter_10,1,1.51395812156164,0.232,0.232,onset,1100,0.952735783190852
SX110,introspection,0,22,34,letter_20,false_font_15,target,false_font,center,false_font_15,1,1.25505084711034,0.466,0.466,onset,1100,0.948122634360389
SX110,introspection,0,22,35,letter_20,false_font_15,irrelevant,object,center,object_20,0.5,1.94071694785954,0.466,0.466,onset,1100,0.482375712723584
SX110,introspection,0,22,36,letter_20,false_font_15,non-target,false_font,center,false_font_04,0.5,1.58813670943687,0.466,0.966,offset,1100,0.688309776259308
SX110,introspection,0,22,37,letter_20,false_font_15,non-target,false_font,center,false_font_02,1.5,1.11564205317867,0.232,0.232,onset,1100,0.700044883524223
SX110,introspection,0,22,38,letter_20,false_font_15,target,letter,left,letter_20,1.5,1.28327024026021,0.466,0.466,onset,1000,0.384439401675097
SX110,introspection,0,22,39,letter_20,false_font_15,irrelevant,face,right,face_01,1,1.06104934970175,0,0,onset,1100,0.407474230449581
SX110,introspection,0,22,40,letter_20,false_font_15,irrelevant,object,center,object_19,1,1.20542620304473,0.232,1.232,offset,1100,1.46021207123596
SX110,introspection,0,22,41,letter_20,false_font_15,non-target,false_font,center,false_font_18,1,1.27099478836842,0.232,1.232,offset,1000,0.575628539491158
SX110,introspection,0,23,1,letter_11,false_font_12,target,letter,left,letter_11,1,1.23469468303099,0.232,1.232,offset,1100,0.962187813280363
SX110,introspection,0,23,2,letter_11,false_font_12,irrelevant,object,left,object_19,1.5,1.46255124568857,0.466,1.966,offset,1000,0.508805825523386
SX110,introspection,0,23,3,letter_11,false_font_12,irrelevant,face,center,face_16,1,1.2602668230382,0,1,offset,1100,0.218176983375672
SX110,introspection,0,23,4,letter_11,false_font_12,irrelevant,object,left,object_03,1.5,1.97497015983396,0,0,onset,1000,0.362109773058959
SX110,introspection,0,23,5,letter_11,false_font_12,non-target,false_font,right,false_font_01,1.5,0.890700477367681,0.232,1.732,offset,1000,1.47364614270575
SX110,introspection,0,23,6,letter_11,false_font_12,non-target,letter,center,letter_16,1.5,1.46710567071838,0,0,onset,1100,0.542170904744333
SX110,introspection,0,23,7,letter_11,false_font_12,non-target,letter,center,letter_20,1.5,1.58709818490371,0.232,1.732,offset,1000,0.503165955636499
SX110,introspection,0,23,8,letter_11,false_font_12,non-target,letter,left,letter_04,1.5,1.75019742364553,0,0,onset,1000,0.26308144578966
SX110,introspection,0,23,9,letter_11,false_font_12,irrelevant,object,left,object_17,0.5,1.16255870087881,0,0.5,offset,1100,0.292133594104529
SX110,introspection,0,23,10,letter_11,false_font_12,non-target,letter,center,letter_15,0.5,0.883525675119733,0.232,0.232,onset,1100,0.696925584379733
SX110,introspection,0,23,11,letter_11,false_font_12,non-target,false_font,center,false_font_10,0.5,1.67845417059255,0,0.5,offset,1000,1.29257412267345
SX110,introspection,0,23,12,letter_11,false_font_12,irrelevant,face,left,face_19,1,0.789796973846034,0.466,0.466,onset,1000,0.413327754285067
SX110,introspection,0,23,13,letter_11,false_font_12,non-target,letter,right,letter_07,0.5,1.08582806210566,0.232,0.232,onset,1100,1.34958327473403
SX110,introspection,0,23,14,letter_11,false_font_12,irrelevant,object,center,object_07,0.5,0.758899010448026,0.232,0.232,onset,1100,0.750101118611196
SX110,introspection,0,23,15,letter_11,false_font_12,irrelevant,face,center,face_02,1,1.46506615420134,0.466,0.466,onset,1100,0.688805401209205
SX110,introspection,0,23,16,letter_11,false_font_12,irrelevant,object,center,object_03,1.5,1.95904533598981,0.466,0.466,onset,1100,0.783470490208476
SX110,introspection,0,23,17,letter_11,false_font_12,target,false_font,right,false_font_12,1.5,0.960504132226873,0.232,0.232,onset,1000,1.04309724893656
SX110,introspection,0,23,18,letter_11,false_font_12,irrelevant,object,center,object_10,1,1.27895248909888,0.232,0.232,onset,1000,0.385157960172668
SX110,introspection,0,23,19,letter_11,false_font_12,non-target,letter,center,letter_09,1.5,1.00260602872671,0.466,0.466,onset,1100,0.213458942106077
SX110,introspection,0,23,20,letter_11,false_font_12,non-target,false_font,center,false_font_13,1,1.20930863299465,0.232,0.232,onset,1000,1.09629459924771
SX110,introspection,0,23,21,letter_11,false_font_12,target,false_font,right,false_font_12,1,1.37061889848472,0,1,offset,1100,0.263897802795826
SX110,introspection,0,24,22,letter_11,false_font_12,non-target,false_font,left,false_font_01,0.5,1.23882236076939,0,0.5,offset,1000,0.911618334075093
SX110,introspection,0,24,23,letter_11,false_font_12,irrelevant,object,right,object_15,1,1.10951606843752,0.232,1.232,offset,1000,0.544305381825838
SX110,introspection,0,24,24,letter_11,false_font_12,irrelevant,face,center,face_10,1.5,1.54968409483991,0,0,onset,1100,0.479324435697152
SX110,introspection,0,24,25,letter_11,false_font_12,non-target,letter,center,letter_04,1.5,1.46890100630714,0.466,1.966,offset,1100,0.685563741035187
SX110,introspection,0,24,26,letter_11,false_font_12,non-target,letter,center,letter_20,1,0.753387054325147,0.466,0.466,onset,1100,0.847368539596308
SX110,introspection,0,24,27,letter_11,false_font_12,target,false_font,right,false_font_12,0.5,0.886765274137193,0.466,0.966,offset,1100,1.03613868216837
SX110,introspection,0,24,28,letter_11,false_font_12,target,letter,center,letter_11,1,1.37689875303656,0,0,onset,1100,0.558154819968902
SX110,introspection,0,24,29,letter_11,false_font_12,irrelevant,face,left,face_17,1.5,0.714208633070419,0.232,1.732,offset,1100,0.744500966181588
SX110,introspection,0,24,30,letter_11,false_font_12,non-target,false_font,left,false_font_09,0.5,1.35209139276518,0.232,0.732,offset,1100,1.39973520768795
SX110,introspection,0,24,31,letter_11,false_font_12,irrelevant,object,left,object_03,1,0.974581383793279,0.466,1.466,offset,1000,0.854657415785562
SX110,introspection,0,24,32,letter_11,false_font_12,non-target,false_font,center,false_font_11,1.5,1.92405356265929,0,1.5,offset,1100,0.729440946398486
SX110,introspection,0,24,33,letter_11,false_font_12,non-target,false_font,left,false_font_17,1,1.42593804126655,0.232,1.232,offset,1000,0.793296483701259
SX110,introspection,0,24,34,letter_11,false_font_12,target,letter,center,letter_11,1,1.52852499180839,0.232,0.232,onset,1000,0.387558195345518
SX110,introspection,0,24,35,letter_11,false_font_12,irrelevant,object,center,object_08,1.5,1.21342037595639,0,0,onset,1100,0.564742704628992
SX110,introspection,0,24,36,letter_11,false_font_12,irrelevant,object,right,object_08,1,1.45047644226782,0,1,offset,1100,0.324021696341432
SX110,introspection,0,24,37,letter_11,false_font_12,irrelevant,face,center,face_04,1,1.30514451550951,0.466,0.466,onset,1000,0.502251901666181
SX110,introspection,0,24,38,letter_11,false_font_12,non-target,false_font,center,false_font_11,0.5,0.996081010236794,0,0,onset,1100,1.30414015282415
SX110,introspection,0,24,39,letter_11,false_font_12,irrelevant,face,right,face_09,1.5,1.88883648954088,0.232,1.732,offset,1100,0.528191497638502
SX110,introspection,0,24,40,letter_11,false_font_12,non-target,false_font,right,false_font_11,0.5,1.94028094818528,0,0,onset,1100,0.317300904301776
SX110,introspection,0,24,41,letter_11,false_font_12,non-target,false_font,center,false_font_20,1,0.922153181195493,0.232,0.232,onset,1100,0.521865657400361
SX110,introspection,0,24,42,letter_11,false_font_12,irrelevant,face,center,face_02,1,0.700654990672814,0,0,onset,1100,0.913616291379898
